month,platform,n_rows,agg_trips,pct_diff
2020-04,Via,65991,65991.0,0.0
2020-04,Lyft,1144083,1144083.0,0.0
2020-04,Uber,3102835,3102840.0,-0.00016114269507934667
2020-05,Via,109127,109127.0,0.0
2020-05,Lyft,1621495,1621495.0,0.0
2020-05,Uber,4359377,4359377.0,0.0
2020-06,Via,130025,130025.0,0.0
2020-06,Lyft,2310860,2310860.0,0.0
2020-06,Uber,5114308,5114319.0,-0.0002150823990447213
2020-07,Via,160833,160833.0,0.0
2020-07,Lyft,2716099,2716099.0,0.0
2020-07,Uber,7081522,7081522.0,0.0
2020-08,Via,167678,167678.0,0.0
2020-08,Lyft,3072675,3072676.0,-3.2544921755499116e-05
2020-08,Uber,7856499,7856499.0,0.0
2020-09,Via,142008,142008.0,0.0
2020-09,Lyft,3116906,3116906.0,0.0
2020-09,Uber,8847755,8847755.0,0.0
2020-10,Via,147554,147554.0,0.0
2020-10,Lyft,3323082,3323082.0,0.0
2020-10,Uber,9797775,9797775.0,0.0
2020-11,Via,130898,130898.0,0.0
2020-11,Lyft,3090686,3090686.0,0.0
2020-11,Uber,8375281,8375281.0,0.0
2020-12,Via,127295,127295.0,0.0
2020-12,Lyft,3023412,3023412.0,0.0
2020-12,Uber,8486416,8486423.0,-8.248469349218157e-05
2021-01,Via,110015,110015.0,0.0
2021-01,Lyft,3094325,3094325.0,0.0
2021-01,Uber,8704128,8704128.0,0.0
2021-02,Via,86018,86018.0,0.0
2021-02,Lyft,3237166,3237166.0,0.0
2021-02,Uber,8290758,8290761.0,-3.618485685451553e-05
2021-03,Via,107314,107314.0,0.0
2021-03,Lyft,3946703,3946703.0,0.0
2021-03,Uber,10173376,10173376.0,0.0
2021-04,Via,104110,104110.0,0.0
2021-04,Lyft,3768879,3768879.0,0.0
2021-04,Uber,10238382,10238382.0,0.0
2021-05,Via,96322,96322.0,0.0
2021-05,Lyft,3814434,3814526.0,-0.002411833082275491
2021-05,Uber,10808415,10808415.0,0.0
2021-06,Via,83842,83842.0,0.0
2021-06,Lyft,4130660,4130660.0,0.0
2021-06,Uber,10747390,10747390.0,0.0
2021-07,Via,92956,92956.0,0.0
2021-07,Lyft,4229852,4229852.0,0.0
2021-07,Uber,10704366,10704366.0,0.0
2021-08,Via,93709,93709.0,0.0
2021-08,Lyft,4209240,4209241.0,-2.3757252198199153e-05
2021-08,Uber,10196747,10196747.0,0.0
2021-09,Via,88132,88132.0,0.0
2021-09,Lyft,4240481,4240481.0,0.0
2021-09,Uber,10557442,10557532.0,-0.0008524719603028435
2021-10,Via,29401,29401.0,0.0
2021-10,Lyft,4429566,4429566.0,0.0
2021-10,Uber,12086389,12086389.0,0.0
2021-11,Lyft,4222042,4222727.0,-0.01622174485823971
2021-11,Uber,11819597,11819749.0,-0.0012859833148741145
2021-12,Lyft,4252421,4252901.0,-0.01128641367386638
2021-12,Uber,11802074,11802410.0,-0.0028468761888461765
2022-01,Lyft,3925255,3925496.0,-0.00613935156219749
2022-01,Uber,10826336,10826447.0,-0.0010252671074822608
2022-02,Lyft,4578385,4578385.0,0.0
2022-02,Uber,11440898,11441203.0,-0.002665803587262633
2022-03,Lyft,5317280,5317433.0,-0.0028773282145727083
2022-03,Uber,13136268,13136514.0,-0.0018726429249038216
2022-04,Lyft,4741581,4742080.0,-0.010522808556582766
2022-04,Uber,13010980,13011109.0,-0.0009914604512190313
2022-05,Lyft,4831901,4831901.0,0.0
2022-05,Uber,13325434,13325613.0,-0.0013432777914231789
2022-06,Lyft,4730217,4730228.0,-0.00023254693008455406
2022-06,Uber,13049858,13050198.0,-0.0026053244556136237
2022-07,Lyft,4888906,4889032.0,-0.0025771972856794556
2022-07,Uber,12575713,12572985.0,0.02169731372462466
2022-08,Lyft,4684984,4684984.0,0.0
2022-08,Uber,12500703,12499703.0,0.008000190084516409
2022-09,Lyft,4891236,4891261.0,-0.0005111156407315005
2022-09,Uber,12902315,12902586.0,-0.0021003541460603323
2022-10,Lyft,5203198,5203198.0,0.0
2022-10,Uber,14102892,14097000.0,0.04179612683549692
2022-11,Lyft,5117891,5117902.0,-0.00021493182167223992
2022-11,Uber,12968005,12966896.0,0.008552547965218506
2022-12,Lyft,5657939,5657945.0,-0.00010604556954866122
2022-12,Uber,14007908,14007968.0,-0.0004283276489495122
2023-01,Lyft,4898879,4898879.0,0.0
2023-01,Uber,13580152,13580156.0,-2.9454742640658915e-05
2023-02,Lyft,4680032,4680032.0,0.0
2023-02,Uber,13280939,13281004.0,-0.0004894208299312311
2023-03,Lyft,5860171,5860171.0,0.0
2023-03,Uber,14553368,14553703.0,-0.0023018196812179003
2023-04,Lyft,5146490,5146490.0,0.0
2023-04,Uber,13998413,13998639.0,-0.0016144426611758471
2023-05,Lyft,5569848,5569848.0,0.0
2023-05,Uber,14277828,14278102.0,-0.0019190225703668456
2023-06,Lyft,5554626,5554626.0,0.0
2023-06,Uber,13811993,13812224.0,-0.0016724316084071617
2023-07,Lyft,5400270,5400270.0,0.0
2023-07,Uber,13731861,13732362.0,-0.003648316291108551
2023-08,Lyft,5178981,5178981.0,0.0
2023-08,Uber,13143169,13143573.0,-0.0030737456245725574
2023-09,Lyft,5539517,5539517.0,0.0
2023-09,Uber,14311606,14311903.0,-0.002075195730435009
2023-10,Lyft,5810728,5810728.0,0.0
2023-10,Uber,14375602,14375975.0,-0.002594606626680973
2023-11,Lyft,5480477,5480477.0,0.0
2023-11,Uber,13788773,13788868.0,-0.000688961559426053
2023-12,Lyft,6242671,6242707.0,-0.0005766729080829839
2023-12,Uber,14273626,14273687.0,-0.00042735979848794497
2024-01,Lyft,5231175,5231175.0,0.0
2024-01,Uber,14432755,14433122.0,-0.002542762404419501
2024-02,Lyft,4949843,4949843.0,0.0
2024-02,Uber,14409305,14409466.0,-0.0011173210721341096
2024-03,Lyft,5658790,5658791.0,-1.767161925577389e-05
2024-03,Uber,15621998,15622111.0,-0.0007233337415154713
2024-04,Lyft,5028841,5028841.0,0.0
2024-04,Uber,14704197,14704197.0,0.0
2024-05,Lyft,5166271,5166271.0,0.0
2024-05,Uber,15538267,15538267.0,0.0
2024-06,Lyft,4965194,4965194.0,0.0
2024-06,Uber,15158032,15158032.0,0.0
2024-07,Lyft,4854170,4854170.0,0.0
2024-07,Uber,14328764,14328764.0,0.0
2024-08,Lyft,5021000,5021000.0,0.0
2024-08,Uber,14107392,14107392.0,0.0
2024-09,Lyft,4588443,4588443.0,0.0
2024-09,Uber,14621345,14621443.0,-0.0006702484836824928
2024-10,Lyft,4882969,4882969.0,0.0
2024-10,Uber,15145313,15145563.0,-0.001650648444036052
2024-11,Lyft,4860617,4860617.0,0.0
2024-11,Uber,15126916,15126916.0,0.0
2024-12,Lyft,5137337,5137337.0,0.0
2024-12,Uber,15931514,15931514.0,0.0
2025-01,Lyft,5049211,5049211.0,0.0
2025-01,Uber,15356455,15356455.0,0.0
2025-02,Lyft,4919838,4919838.0,0.0
2025-02,Uber,14419623,14419623.0,0.0
2025-03,Lyft,5989698,5989698.0,0.0
2025-03,Uber,14547181,14547181.0,0.0
2025-04,Lyft,5393461,5393461.0,0.0
2025-04,Uber,14360522,14360522.0,0.0
2025-05,Lyft,6052324,6052324.0,0.0
2025-05,Uber,15038869,15038869.0,0.0
2025-06,Lyft,5700648,5700648.0,0.0
2025-06,Uber,14167361,14167361.0,0.0
2025-07,Lyft,5511230,5511230.0,0.0
2025-07,Uber,14141782,14141782.0,0.0
2025-08,Lyft,5713104,5713104.0,0.0
2025-08,Uber,13558357,13558357.0,0.0
2025-09,Lyft,5387601,5387601.0,0.0
2025-09,Uber,14047040,14047040.0,0.0
2025-10,Lyft,5838529,5838529.0,0.0
2025-10,Uber,15470172,15470172.0,0.0
2025-11,Lyft,5909784,5909784.0,0.0
2025-11,Uber,14908456,14908456.0,0.0
2025-12,Lyft,6134710,6134710.0,0.0
2025-12,Uber,15973728,15973728.0,0.0
2026-01,Lyft,5694742,5694742.0,0.0
2026-01,Uber,15245631,15144704.0,0.6664177787826028
2026-02,Lyft,5708725,5708725.0,0.0
2026-02,Uber,14166961,14166961.0,0.0
2026-03,Lyft,6102183,6102183.0,0.0
2026-03,Uber,15956175,15956175.0,0.0
2026-04,Lyft,5617095,5617095.0,0.0
2026-04,Uber,15378858,15378858.0,0.0
2026-05,Lyft,6770928,6770928.0,0.0
2026-05,Uber,15354816,15354816.0,0.0
2026-06,Lyft,5518128,,
2026-06,Uber,15257740,,
2026-07,Lyft,5705875,,
2026-07,Uber,15215374,,
