month,rec_trips,ind_trips,pct_diff_ind
2020-04,4312909,4312860.0,0.0011361370413136528
2020-05,6089999,6089857.0,0.0023317460492093657
2020-06,7555193,7550880.0,0.057119170215921854
2020-07,9958454,9950969.0,0.075218805324386
2020-08,11096852,11085910.0,0.0987018657015978
2020-09,12106669,12092880.0,0.11402577384378246
2020-10,13268411,13249276.0,0.14442298582956534
2020-11,11596865,11596800.0,0.0005604994481236204
2020-12,11637123,11637059.0,0.0005499671351670556
2021-01,11908468,11902481.0,0.05030043736259692
2021-02,11613942,11613896.0,0.0003960772509070169
2021-03,14227393,14227326.0,0.00047092475423702245
2021-04,14111371,14111310.0,0.0004322773718386174
2021-05,14719171,14719079.0,0.0006250391074061087
2021-06,14961892,14960550.0,0.008970258446380648
2021-07,15027174,15027095.0,0.0005257170464417774
2021-08,14499696,14497274.0,0.016706589114615616
2021-09,14886055,14883360.0,0.018107470356156136
2021-10,16545356,16543119.0,0.013522238460595006
2021-11,16041639,16041540.0,0.0006171477302054541
2021-12,16054495,16054404.0,0.0005668226612460979
2022-01,14751591,14751474.0,0.0007931410786474626
2022-02,16019283,16019192.0,0.0005680686017122461
2022-03,18453548,18453370.0,0.0009645934590809159
2022-04,17752561,17752380.0,0.0010195815997629614
2022-05,18157335,18157134.0,0.001107002900347599
2022-06,17780075,17779680.0,0.0022216372848105253
2022-07,17464619,17463943.0,0.0038708326063592855
2022-08,17185687,17185191.0,0.0028862059199691176
2022-09,17793551,17793420.0,0.0007362272120817696
2022-10,19306090,19305870.0,0.001139549784599192
2022-11,18085896,18084570.0,0.007332217464943872
2022-12,19665847,19665749.0,0.0004983283372527535
2023-01,18479031,18478945.0,0.0004653945341576589
2023-02,17960971,17960908.0,0.00035076177663178275
2023-03,20413539,20413469.0,0.0003429108496943856
2023-04,19144903,19144830.0,0.00038130398650706223
2023-05,19847676,19847564.0,0.000564300989280095
2023-06,19366619,19366470.0,0.0007693709798429967
2023-07,19132131,19131991.0,0.0007317586549146924
2023-08,18322150,18321992.0,0.0008623516482268959
2023-09,19851123,19850940.0,0.0009218707023445741
2023-10,20186330,20186549.0,-0.001084880828317906
2023-11,19269250,19269240.0,5.189618272438352e-05
2023-12,20516297,20516265.0,0.00015597380907294772
2024-01,19663930,19664199.0,-0.001367968255406691
2024-02,19359148,19359240.0,-0.00047522526710759306
2024-03,21280788,21280849.0,-0.0002866426992644889
2024-04,19733038,19732950.0,0.0004459546089155448
2024-05,20704538,20704466.0,0.00034775106008529756
2024-06,20123226,20123160.0,0.00032798029732904774
2024-07,19182934,19182862.0,0.0003753350256077534
2024-08,19128392,19128333.0,0.0003084429782773021
2024-09,19209788,19209750.0,0.0001978162131209412
2024-10,20028282,20028232.0,0.00024964759745143753
2024-11,19987533,19987500.0,0.0001651031894934334
2024-12,21068851,21068809.0,0.00019934681642422218
2025-01,20405666,20405626.0,0.00019602437092593975
2025-02,19339461,19339432.0,0.00014995269768005597
2025-03,20536879,20536849.0,0.00014607888483768859
2025-04,19753983,19753950.0,0.00016705519655562558
2025-05,21091193,21091129.0,0.00030344511192359594
2025-06,19868009,19867950.0,0.00029696068290890605
2025-07,19653012,19652946.0,0.00033582751410399236
2025-08,19271461,19271398.0,0.00032690933994513526
2025-09,19434641,19434570.0,0.00036532838133285174
2025-10,21308701,21308625.0,0.0003566630883034452
2025-11,20818240,20818140.0,0.0004803503098739849
2025-12,22108438,22108394.0,0.00019901943126217128
2026-01,20940373,20838634.0,0.488222980450638
2026-02,19875686,19875520.0,0.0008351982740577354
2026-03,22058358,22057802.0,0.0025206500629573157
2026-04,20995953,20995890.0,0.00030005872577918823
2026-05,22125744,20645225.0,7.171241776246081
2026-06,20775868,,
2026-07,20921249,,
