base,platform
B03500,Uber
B03513,Uber
B03473,Uber
B03494,Uber
B03556,Uber
B03438,Uber
B03408,Uber
B03487,Uber
B03412,Uber
B03551,Uber
B03530,Uber
B03417,Uber
B03469,Uber
B03502,Uber
B03432,Uber
B03472,Uber
B03434,Uber
B03464,Uber
B03463,Uber
B03430,Uber
B03411,Uber
B03523,Uber
B03493,Uber
B03136,Via
B02844,Lyft
B02512,Uber
B02865,Uber
B02870,Uber
B02800,Via
B02395,Uber
B02880,Uber
B02836,Uber
B02889,Uber
B02888,Uber
B02835,Uber
B02867,Uber
B02877,Uber
B02879,Uber
B02876,Uber
B02882,Uber
B02883,Uber
B02884,Uber
B02617,Uber
B02878,Uber
B02864,Uber
B02871,Uber
B02682,Uber
B02887,Uber
B02866,Uber
B02869,Uber
B02765,Uber
B02875,Uber
B02872,Uber
B02764,Uber
B02510,Lyft
B03406,Lyft
B03404,Uber
