variable,platform,year,miss,n_rows,pct
access_a_ride_flag,Lyft,2020,0,23419298,0.0
access_a_ride_flag,Lyft,2021,0,47575769,0.0
access_a_ride_flag,Lyft,2022,0,58568773,0.0
access_a_ride_flag,Lyft,2023,0,65362690,0.0
access_a_ride_flag,Lyft,2024,0,60344650,0.0
access_a_ride_flag,Lyft,2025,0,67600138,0.0
access_a_ride_flag,Lyft,2026,0,41117676,0.0
access_a_ride_flag,Uber,2020,62956636,63021768,99.89665158235485
access_a_ride_flag,Uber,2021,126129064,126129064,100.0
access_a_ride_flag,Uber,2022,153847310,153847310,100.0
access_a_ride_flag,Uber,2023,134931167,167127330,80.73554875794402
access_a_ride_flag,Uber,2024,0,179125798,0.0
access_a_ride_flag,Uber,2025,0,175989546,0.0
access_a_ride_flag,Uber,2026,0,106575555,0.0
access_a_ride_flag,Via,2020,0,1181409,0.0
access_a_ride_flag,Via,2021,0,891819,0.0
on_scene_datetime,Lyft,2020,23385699,23419298,99.8565328473979
on_scene_datetime,Lyft,2021,47523724,47575769,99.8906060772239
on_scene_datetime,Lyft,2022,58497294,58568773,99.87795714962306
on_scene_datetime,Lyft,2023,65241796,65362690,99.81504127201619
on_scene_datetime,Lyft,2024,60152564,60344650,99.68168512038764
on_scene_datetime,Lyft,2025,10870353,67600138,16.080371019360935
on_scene_datetime,Lyft,2026,0,41117676,0.0
on_scene_datetime,Uber,2020,0,63021768,0.0
on_scene_datetime,Uber,2021,0,126129064,0.0
on_scene_datetime,Uber,2022,0,153847310,0.0
on_scene_datetime,Uber,2023,0,167127330,0.0
on_scene_datetime,Uber,2024,0,179125798,0.0
on_scene_datetime,Uber,2025,0,175989546,0.0
on_scene_datetime,Uber,2026,0,106575555,0.0
on_scene_datetime,Via,2020,1168552,1181409,98.91172320508817
on_scene_datetime,Via,2021,884905,891819,99.22473057873852
originating_base_num,Lyft,2020,23385698,23419298,99.85652857741509
originating_base_num,Lyft,2021,47523722,47575769,99.89060187340324
originating_base_num,Lyft,2022,58497292,58568773,99.8779537348341
originating_base_num,Lyft,2023,65241796,65362690,99.81504127201619
originating_base_num,Lyft,2024,60152564,60344650,99.68168512038764
originating_base_num,Lyft,2025,67384840,67600138,99.68151248448635
originating_base_num,Lyft,2026,40964512,41117676,99.62749840239024
originating_base_num,Uber,2020,73556,63021768,0.11671522766546315
originating_base_num,Uber,2021,20861,126129064,0.016539407602358804
originating_base_num,Uber,2022,1432,153847310,0.0009307930050905667
originating_base_num,Uber,2023,0,167127330,0.0
originating_base_num,Uber,2024,61753,179125798,0.03447465451068081
originating_base_num,Uber,2025,206,175989546,0.00011705240719241358
originating_base_num,Uber,2026,0,106575555,0.0
originating_base_num,Via,2020,1168549,1181409,98.91146927101452
originating_base_num,Via,2021,884904,891819,99.22461844836228
