variable,2020,2021,2022,2023,2024,2025,2026
hvfhs_license_num,0.0,0.0,0.0,0.0,0.0,0.0,0.0
dispatching_base_num,0.0,0.0,0.0,0.0,0.0,0.0,0.0
originating_base_num,28.106719195046704,27.737924207160628,27.539686813639246,28.06219208893354,25.144779868620784,27.663341441011106,27.736214938652132
shared_request_flag,0.0,0.0,0.0,0.0,0.0,0.0,0.0
shared_match_flag,0.0,0.0,0.0,0.0,0.0,0.0,0.0
access_a_ride_flag,71.84987185080084,72.24025349581159,72.427335928231,58.03740177750426,0.0,0.0,0.0
wav_request_flag,0.0,0.0,0.0,0.0,0.0,0.0,0.0
wav_match_flag,0.0,0.0,0.0,0.0,0.0,0.0,0.0
request_datetime,2.9672752338940437e-05,2.863743343715434e-06,0.0,0.0,0.0,0.0,0.0
on_scene_datetime,28.022777261199252,27.725977815427985,27.539013606610947,28.06219208893354,25.118992553102,4.4625670601058784,0.0
pickup_datetime,0.0,0.0,0.0,0.0,0.0,0.0,0.0
dropoff_datetime,0.0,0.0,0.0,0.0,0.0,0.0,0.0
trip_miles,0.0,0.0,0.0,0.0,0.0,0.0,0.0
trip_time,0.0,0.0,0.0,0.0,0.0,0.0,0.0
base_passenger_fare,0.0,0.0,0.0,0.0,0.0,0.0,0.0
tolls,0.0,0.0,0.0,0.0,0.0,0.0,0.0
bcf,0.0,0.0,0.0,0.0,0.0,0.0,0.0
sales_tax,0.0,0.0,0.0,0.0,0.0,0.0,0.0
congestion_surcharge,0.0,0.0,0.0,0.0,0.0,0.0,0.0
airport_fee,99.99905503696398,20.90322843074906,0.0,0.0,0.0,0.0,0.0
tips,0.0,0.0,0.0,0.0,0.0,0.0,0.0
driver_pay,0.0,0.0,0.0,0.0,0.0,0.0,0.0
cbd_congestion_fee,100.0,100.0,100.0,100.0,100.0,0.0,0.0
