,value
dqNmonths,76
dqTotalTrips,"1,337,878,593"
dqTripsUber,"971,816,371"
dqFirstUber,2020-04
dqLastUber,2026-07
dqTripsLyft,"363,988,994"
dqFirstLyft,2020-04
dqLastLyft,2026-07
dqTripsVia,"2,073,228"
dqFirstVia,2020-04
dqLastVia,2021-10
dqTripsJuno,0
dqFirstJuno,never
dqLastJuno,never
dqTripsOther,0
dqFirstOther,never
dqLastOther,never
dqViaLastDay,2021-10-10
dqViaAvgDaily,"2,884"
dqViaTailDays,1
dqDupTotal,"10,872"
dqPctFareLeZero,0.113\%
dqNFareLeZero,"1,517,558"
dqPctFareGtThousand,0.000\%
dqNFareGtThousand,"1,484"
dqPctMilesLeZero,0.018\%
dqNMilesLeZero,"236,202"
dqPctMilesGtHundred,0.010\%
dqNMilesGtHundred,"134,202"
dqPctTimeLeSixty,0.009\%
dqNTimeLeSixty,"123,970"
dqPctTimeGtSixH,0.000\%
dqNTimeGtSixH,"6,600"
dqPctDriverShareGtOne,12.788\%
dqNDriverShareGtOne,"171,092,362"
dqPctRequestAfterPickup,1.000\%
dqNRequestAfterPickup,"13,377,629"
dqPctDoUnknown,4.097\%
dqNDoUnknown,"54,817,466"
dqPctPuUnknown,0.005\%
dqNPuUnknown,"68,541"
dqPctAarY,0.048\%
dqNAarY,"647,876"
dqPctDriverPayNeg,0.002\%
dqNDriverPayNeg,"20,532"
dqPctDropoffLePickup,0.004\%
dqNDropoffLePickup,"54,800"
dqPctPassFilters,95.72\%
dqPickupOutsideMonth,0
dqPassMin,95.18\%
dqPassMinYear,2025
dqPassMax,96.80\%
dqPassMaxYear,2020
dqDsGtOneMin,10.81\%
dqDsGtOneMinYear,2022
dqDsGtOneMax,15.57\%
dqDsGtOneMaxYear,2021
dqPctNullOnScene,20.01\%
dqPctNullAirportFee,9.28\%
dqPctNullCbd,70.75\%
dqNullOnSceneUber,0.0\%
dqNullOnSceneLyft,73.0\%
dqNullOnSceneVia,99.0\%
dqNullOrigBaseUber,0.0\%
dqNullOrigBaseLyft,99.8\%
dqNullOrigBaseVia,99.0\%
dqNullAarBlankUber,49.2\%
dqNullAarBlankLyft,0.0\%
dqNullAarBlankVia,0.0\%
dqOnSceneLyftBefore,99.8\%
dqOnSceneLyftYrA,16.1\%
dqOnSceneLyftYrB,0.0\%
dqAarBlankLastMonth,2023-11
dqNAarBlank,"477,864,177"
dqMaxIncidentalNull,0.00\%
dqMaxIncidentalNullVar,request\_datetime
dqBaseGapMin,0.00\%
dqBaseGapMax,0.10\%
dqIndGapMin,0.00\%
dqIndGapMax,1.52\%
dqNBaseFlagged,0
dqNBaseMonths,167
dqBaseWorstGap,0.67\%
dqBaseWorstMonth,2026-01 (Uber)
dqNFlaggedCity,3
dqNFlaggedUnexplained,0
dqNZeroHours,9
dqIndMonths,74
dqIndFlagged,1
dqIndWorstGap,7.17\%
dqIndWorstMonth,2026-05
dqZeroHoursFirst,2020-06-02 22:00:00
dqZeroHoursLast,2020-06-06 23:00:00
dqZeroHoursExplained,9
dqMedianFarePerMile,6.04
dqMedianDriverShare,0.77
