Rule (% of rows),2020,2021,2022,2023,2024,2025,2026
n_pass_filters,96.796,96.116,95.770,95.820,95.672,95.182,95.342
n_exact_dups,0.005,0.000,0.001,0.002,0.000,0.000,0.000
fare_le0,0.144,0.229,0.131,0.033,0.031,0.158,0.120
fare_gt1000,0.000,0.000,0.000,0.000,0.000,0.000,0.000
miles_le0,0.021,0.030,0.020,0.018,0.014,0.012,0.012
miles_gt100,0.011,0.011,0.012,0.010,0.009,0.009,0.010
time_le60s,0.008,0.011,0.010,0.010,0.007,0.008,0.010
time_gt6h,0.000,0.001,0.001,0.001,0.000,0.000,0.000
driver_pay_neg,0.001,0.006,0.001,0.001,0.001,0.000,0.000
tolls_neg,0.000,0.000,0.000,0.000,0.000,0.000,0.000
tips_neg,0.000,0.000,0.000,0.000,0.000,0.000,0.000
bcf_neg,0.000,0.000,0.000,0.000,0.000,0.000,0.000
sales_tax_neg,0.000,0.000,0.000,0.000,0.000,0.000,0.000
congestion_neg,0.000,0.000,0.000,0.000,0.000,0.000,0.000
airport_fee_neg,0.000,0.000,0.000,0.000,0.000,0.000,0.000
driver_share_gt1,13.644,15.567,10.809,11.077,11.962,13.592,14.551
wait_neg,0.159,0.740,1.253,0.982,0.967,1.146,1.283
request_after_pickup,0.159,0.740,1.253,0.982,0.967,1.146,1.283
dropoff_le_pickup,0.009,0.005,0.004,0.004,0.004,0.005,0.000
pickup_outside_month,0.000,0.000,0.000,0.000,0.000,0.000,0.000
pu_264_265,0.008,0.007,0.005,0.005,0.004,0.004,0.005
do_264_265,3.036,3.624,4.077,4.109,4.181,4.544,4.427
pu_null,0.000,0.000,0.000,0.000,0.000,0.000,0.000
do_null,0.000,0.000,0.000,0.000,0.000,0.000,0.000
loc_out_of_range,0.000,0.000,0.000,0.000,0.000,0.000,0.000
access_a_ride_y,0.000,0.000,0.000,0.011,0.094,0.105,0.095
total rows,"87,622,475","174,596,652","212,416,083","232,490,020","239,470,448","243,589,684","147,693,231"
