Variable,N,% missing,Mean,SD,Median,Min,P1,P99,Max
trip_miles,"1,337,878,593",0.00,4.97,5.78,2.98,0.00,0.48,26.41,"5,380.78"
trip_time,"1,337,878,593",0.00,"1,164.86",837.23,946.00,0.00,195.00,"4,147.00","240,764.00"
base_passenger_fare,"1,337,878,593",0.00,24.73,21.86,18.48,-520.11,6.29,110.59,"4,995.96"
tolls,"1,337,878,593",0.00,1.08,3.74,0.00,0.00,0.00,20.29,504.58
bcf,"1,337,878,593",0.00,0.70,0.65,0.50,0.00,0.00,3.25,213.02
sales_tax,"1,337,878,593",0.00,2.08,1.80,1.56,0.00,0.00,8.99,486.83
congestion_surcharge,"1,337,878,593",0.00,1.02,1.33,0.00,0.00,0.00,2.75,13.75
airport_fee,"1,213,760,609",9.28,0.21,0.71,0.00,0.00,0.00,2.50,10.00
tips,"1,337,878,593",0.00,1.08,3.26,0.00,0.00,0.00,15.24,"1,000.00"
driver_pay,"1,337,878,593",0.00,19.34,16.51,14.55,"-2,035.92",4.05,80.27,"4,643.19"
cbd_congestion_fee,"391,282,915",70.75,0.50,0.71,0.00,0.00,0.00,1.50,4.50
wait_time,"1,337,878,562",0.00,294.72,260.39,253.00,"-86,091.00",0.00,"1,017.00","2,676,835"
fare_per_mile,"1,337,642,391",0.02,7.15,25.56,5.94,"-4,886.00",2.25,25.15,"520,400.00"
driver_share,"1,336,361,035",0.11,0.80,1.42,0.77,"-1,188.00",0.44,1.52,"15,839.00"
mean_speed_mph,"1,337,873,355",0.00,13.79,7.26,11.70,0.00,3.98,37.71,"7,164.00"
platform_margin,"1,337,878,593",0.00,5.38,8.74,3.74,"-2,227.87",-9.57,38.96,"2,726.36"
trip_miles,"1,280,606,155",0.00,4.47,4.40,2.84,0.00,0.48,20.08,100.00
trip_time,"1,280,606,155",0.00,"1,118.43",767.36,922.00,61.00,194.00,"3,822.00","21,597.00"
base_passenger_fare,"1,280,606,155",0.00,23.02,17.38,17.90,0.01,6.33,89.09,996.47
tolls,"1,280,606,155",0.00,0.70,2.61,0.00,0.00,0.00,7.46,246.55
bcf,"1,280,606,155",0.00,0.64,0.51,0.49,0.00,0.00,2.60,40.80
sales_tax,"1,280,606,155",0.00,2.05,1.61,1.57,0.00,0.00,8.11,120.69
congestion_surcharge,"1,280,606,155",0.00,1.06,1.34,0.00,0.00,0.00,2.75,13.75
airport_fee,"1,160,522,485",9.38,0.20,0.70,0.00,0.00,0.00,2.50,10.00
tips,"1,280,606,155",0.00,0.98,2.81,0.00,0.00,0.00,13.36,500.00
driver_pay,"1,280,606,155",0.00,18.03,13.43,14.08,"-2,035.92",4.04,66.13,"1,042.17"
cbd_congestion_fee,"372,665,716",70.90,0.49,0.70,0.00,0.00,0.00,1.50,4.50
wait_time,"1,280,606,130",0.00,292.93,244.04,252.00,"-82,132.00",19.00,"1,007.00","405,429.00"
fare_per_mile,"1,280,606,155",0.00,7.25,18.65,6.04,0.00,2.30,25.44,"212,720.00"
driver_share,"1,280,606,155",0.00,0.80,1.42,0.77,-937.00,0.44,1.52,"15,839.00"
mean_speed_mph,"1,280,606,155",0.00,13.30,6.64,11.47,0.00,3.96,34.87,836.67
platform_margin,"1,280,606,155",0.00,4.98,7.34,3.66,-976.83,-9.06,32.86,"2,120.75"
