Variable,2020,2021,2022,2023,2024,2025,2026
base_passenger_fare mean,18.24,21.99,23.68,24.60,26.22,26.95,27.44
base_passenger_fare med.,14.28,17.32,18.26,18.54,19.54,19.52,19.62
trip_miles mean,4.64,4.84,5.03,5.06,5.08,5.03,4.84
trip_miles med.,2.99,2.99,3.03,3.01,3.01,2.98,2.82
trip_time mean,"1,003.25","1,100.79","1,165.75","1,191.48","1,207.67","1,192.49","1,178.32"
trip_time med.,840.22,904.94,951.93,966.81,979.10,969.40,952.12
driver_pay mean,14.70,17.67,18.68,19.45,20.20,20.81,21.03
driver_pay med.,11.43,13.96,14.38,14.57,15.10,15.56,15.69
tips mean,0.51,0.84,1.08,1.14,1.17,1.19,1.25
tips med.,0.00,0.00,0.00,0.00,0.00,0.00,0.00
wait_time mean,287.60,334.96,309.06,278.51,272.72,280.78,314.96
wait_time med.,241.49,296.28,270.21,242.90,237.94,241.35,262.22
fare_per_mile mean,5.47,6.55,6.78,7.03,7.49,7.75,8.03
fare_per_mile med.,4.80,5.50,5.68,5.94,6.29,6.41,6.69
driver_share mean,0.82,0.84,0.81,0.79,0.78,0.79,0.80
driver_share med.,0.77,0.79,0.78,0.77,0.75,0.76,0.76
