variable,filtered,n_rows,n_null,n_nonnull,sum,sum_sq,min,max,mean,sd,pct_missing,median,p01,p99
airport_fee,0,1337878593,124117984,1213760609,249541828.45,657737756.5171,0.0,10.0,0.2055939421659053,0.7068464178557076,9.277223258478433,0.0,0.0,2.5
airport_fee,1,1280606155,120083670,1160522485,232085016.5,611951742.5,0.0,10.0,0.1999832140262237,0.6980786570785272,9.377096114300652,0.0,0.0,2.5
base_passenger_fare,0,1337878593,0,1337878593,33081504900.41477,1457090866448.862,-520.11,4995.96,24.72683625666979,21.856097973452556,0.0,18.48,6.29,110.59
base_passenger_fare,1,1280606155,0,1280606155,29475874071.738636,1065442190844.5183,0.01,996.47,23.017126660412337,17.383745268650962,0.0,17.9,6.33,89.09
bcf,0,1337878593,0,1337878593,930319664.0295655,1207434423.7254403,0.0,213.02,0.6953692725910635,0.6472718306639095,0.0,0.5,0.0,3.25
bcf,1,1280606155,0,1280606155,820493683.8095374,861568650.5218976,0.0,40.8,0.6407072780386077,0.5121289785198869,0.0,0.49,0.0,2.6
cbd_congestion_fee,0,1337878593,946595678,391282915,195429988.5,293146152.75,0.0,4.5,0.4994595496202537,0.7069175865434792,70.75348114191704,0.0,0.0,1.5
cbd_congestion_fee,1,1280606155,907940439,372665716,184079436.0,276120049.5,0.0,4.5,0.4939532350220271,0.7049414574527623,70.89927183740578,0.0,0.0,1.5
congestion_surcharge,0,1337878593,0,1337878593,1367231558.5,3759049200.75,0.0,13.75,1.0219399321086229,1.3286638156892956,0.0,0.0,0.0,2.75
congestion_surcharge,1,1280606155,0,1280606155,1352162600.75,3717535374.6875,0.0,13.75,1.0558770122028658,1.33718866699877,0.0,0.0,0.0,2.75
driver_pay,0,1337878593,0,1337878593,25877703384.08697,865173904981.5874,-2035.92,4643.19,19.34234056773414,16.509082582931907,0.0,14.55,4.05,80.27
driver_pay,1,1280606155,0,1280606155,23095099038.435394,647341302709.6572,-2035.92,1042.17,18.034505728605836,13.425818933218041,0.0,14.08,4.04,66.13
driver_share,0,1337878593,1517558,1336361035,1070007737.2706739,3545618273.0039606,-1188.0,15838.999999999998,0.8006876205206581,1.4184809629488064,0.11343017280791487,0.7671641791044775,0.438921651221567,1.5158027812895072
driver_share,1,1280606155,0,1280606155,1024947968.8878902,3400464739.220638,-936.9999999999999,15838.999999999998,0.8003615825881223,1.4194283883794157,0.0,0.7663421418636995,0.4373134328358209,1.5213427268959803
fare_per_mile,0,1337878593,236202,1337642391,9562126129.982292,942143879593.3262,-4886.0,520399.99999999994,7.148492148812509,25.558378584957325,0.017654965199073187,5.9399999999999995,2.2465753424657535,25.145922746781117
fare_per_mile,1,1280606155,0,1280606155,9290731860.451662,512663358466.45135,0.00041736227045075126,212720.0,7.254948622710362,18.6465651119284,0.0,6.041347626339969,2.2951713395638627,25.43560606060606
mean_speed_mph,0,1337878593,5238,1337873355,18443718323.772846,324790072241.4179,0.0,7164.0,13.785847707366027,7.26060157738768,0.0003915153458173316,11.696202531645572,3.979591836734694,37.70750988142292
mean_speed_mph,1,1280606155,0,1280606155,17036302023.252878,283154622694.07196,0.00020026702269692926,836.6701570680628,13.303311058389282,6.64317359646761,0.0,11.475,3.962529274004684,34.87428206764518
platform_margin,0,1337878593,0,1337878593,7203801516.329487,141056379571.70248,-2227.87,2726.36,5.384495688936916,8.743001548871945,0.0,3.74,-9.569999999999997,38.959999999999994
platform_margin,1,1280606155,0,1280606155,6380775033.309558,100826819679.25378,-976.83,2120.75,4.982620931811434,7.3421493148361945,0.0,3.66,-9.06,32.85999999999999
sales_tax,0,1337878593,0,1337878593,2778234741.4296384,10109394228.862684,0.0,486.83,2.076597051455803,1.80111948411397,0.0,1.56,0.0,8.99
sales_tax,1,1280606155,0,1280606155,2621007227.039741,8679799259.877401,0.0,120.69,2.046692667223469,1.60901602688751,0.0,1.57,0.0,8.11
tips,0,1337878593,0,1337878593,1443401390.7298265,15816675269.415897,0.0,1000.0,1.0788732238350618,3.264695664613169,0.0,0.0,0.0,15.24
tips,1,1280606155,0,1280606155,1254628775.8798919,11329894300.46553,0.0,500.0,0.9797147788032393,2.8084602846188,0.0,0.0,0.0,13.36
tolls,0,1337878593,0,1337878593,1442316642.7791696,20269096312.81024,0.0,504.58,1.0780624268342482,3.740047798566366,0.0,0.0,0.0,20.29
tolls,1,1280606155,0,1280606155,899968721.7693397,9324901114.302963,0.0,246.55,0.702767762169111,2.6053307265111276,0.0,0.0,0.0,7.46
trip_miles,0,1337878593,0,1337878593,6653875413.457956,77841969081.44307,0.0,5380.78,4.973452335863749,5.783416430686226,0.0,2.98,0.48,26.41
trip_miles,1,1280606155,0,1280606155,5723371502.394976,50391524907.669014,0.001,100.0,4.469267526201274,4.401748768257333,0.0,2.84,0.48,20.08
trip_time,0,1337878593,0,1337878593,1558442461883.0,2753165757249747.0,0.0,240764.0,1164.8608999628414,837.232508875631,0.0,946.0,195.0,4147.0
trip_time,1,1280606155,0,1280606155,1432272886522.0,2355982104147870.0,61.0,21597.0,1118.433548776751,767.3631420039287,0.0,922.0,194.0,3822.0
wait_time,0,1337878593,31,1337878562,394303811631.87933,206923150998169.28,-86091.0,2676835.0,294.72317057120114,260.39081160462837,2.317101130266758e-06,253.0,0.0,1017.0
wait_time,1,1280606155,25,1280606130,375125072303.2294,186149462453626.53,-82132.0,405429.0,292.9277500047804,244.0364051162015,1.9522005186676615e-06,252.0,19.0,1007.0
