variable,year,mean,median_wavg
base_passenger_fare,2020,18.243403900771888,14.279031419393254
base_passenger_fare,2021,21.988807348601828,17.32197130824708
base_passenger_fare,2022,23.678140493803447,18.255781542869332
base_passenger_fare,2023,24.596605345333092,18.540816982251542
base_passenger_fare,2024,26.217880604245504,19.5405598588098
base_passenger_fare,2025,26.947717437698557,19.52334662017132
base_passenger_fare,2026,27.44285443589578,19.6219866274711
trip_miles,2020,4.636705773490206,2.987936943974705
trip_miles,2021,4.837050266576668,2.9885259676686124
trip_miles,2022,5.030764690699044,3.0253057683442925
trip_miles,2023,5.061960011010344,3.006155075331835
trip_miles,2024,5.08138441904943,3.0140510672782472
trip_miles,2025,5.032854566944581,2.9844587881151816
trip_miles,2026,4.839758868001165,2.822831651776919
trip_time,2020,1003.2473689883789,840.222340558173
trip_time,2021,1100.7917172031455,904.9380629303247
trip_time,2022,1165.74669852094,951.9326574438339
trip_time,2023,1191.4768508041764,966.8109831682237
trip_time,2024,1207.674878405038,979.1048128368641
trip_time,2025,1192.491604825104,969.3971964346405
trip_time,2026,1178.320584624491,952.1166420213259
driver_pay,2020,14.70433293582613,11.431514995895744
driver_pay,2021,17.674969292258687,13.9591630803436
driver_pay,2022,18.675411304512775,14.377298056334087
driver_pay,2023,19.451410909242373,14.567101826349363
driver_pay,2024,20.20012834100612,15.10350159147821
driver_pay,2025,20.813782864589026,15.556361543619392
driver_pay,2026,21.03488191039779,15.694811978011371
tips,2020,0.5057401159920379,0.0
tips,2021,0.8384958420050316,0.0
tips,2022,1.082483783207593,0.0
tips,2023,1.1419209261109111,0.0
tips,2024,1.173976810574808,0.0
tips,2025,1.1944302220120568,0.0
tips,2026,1.2538340780828878,0.0
wait_time,2020,287.59774550469365,241.49136487842287
wait_time,2021,334.9649041828392,296.2812034414384
wait_time,2022,309.0589611522024,270.211237183015
wait_time,2023,278.5133923555084,242.90401485190634
wait_time,2024,272.7207570734295,237.9422663083672
wait_time,2025,280.7756576875398,241.35478649826567
wait_time,2026,314.95519250713664,262.21954962851345
fare_per_mile,2020,5.469136613205528,4.796517312411021
fare_per_mile,2021,6.550712531134354,5.498449979344609
fare_per_mile,2022,6.780803679001041,5.684620226601349
fare_per_mile,2023,7.031156225428777,5.935205313277867
fare_per_mile,2024,7.485561211036253,6.288470648031248
fare_per_mile,2025,7.7502619456746675,6.412304387331366
fare_per_mile,2026,8.02571716192715,6.689287747751428
driver_share,2020,0.8245434898039419,0.7738888894205258
driver_share,2021,0.8376304631613033,0.7905313716906375
driver_share,2022,0.8065469592785073,0.7806692992159251
driver_share,2023,0.7938547429257332,0.7670476522756029
driver_share,2024,0.7802746931529267,0.7470383996811601
driver_share,2025,0.7887790655288804,0.7551491614588839
driver_share,2026,0.7980126450667159,0.7617793011339666
