datetime_hour,n_trips,explanation
2020-06-02 22:00:00,0,COVID-19 pause / reopening ramp
2020-06-02 23:00:00,0,COVID-19 pause / reopening ramp
2020-06-03 21:00:00,0,COVID-19 pause / reopening ramp
2020-06-03 22:00:00,0,COVID-19 pause / reopening ramp
2020-06-03 23:00:00,0,COVID-19 pause / reopening ramp
2020-06-05 22:00:00,0,COVID-19 pause / reopening ramp
2020-06-05 23:00:00,0,COVID-19 pause / reopening ramp
2020-06-06 22:00:00,0,COVID-19 pause / reopening ramp
2020-06-06 23:00:00,0,COVID-19 pause / reopening ramp
