"variable","bin","n_trips","n_cells"
"pu_precip_bin","dry",12703527,8210652
"pu_precip_bin","[0.1,0.5)",220114,141292
"pu_precip_bin","[0.5,2)",395453,249611
"pu_precip_bin","[2,5)",215360,133112
"pu_precip_bin","[5,10)",132437,79616
"pu_precip_bin","[10,Inf)",150084,78832
"pu_temp_bin","15-20",583000,400231
"pu_temp_bin","20-25",5724304,3804868
"pu_temp_bin","25-30",5621186,3553108
"pu_temp_bin","ge30",1888485,1134908
"do_precip_bin","dry",12705756,8213862
"do_precip_bin","[0.1,0.5)",224896,144116
"do_precip_bin","[0.5,2)",396626,249948
"do_precip_bin","[2,5)",212175,130321
"do_precip_bin","[5,10)",126227,75413
"do_precip_bin","[10,Inf)",151295,79455
"do_temp_bin","15-20",581253,397793
"do_temp_bin","20-25",5720221,3799679
"do_temp_bin","25-30",5637344,3569062
"do_temp_bin","ge30",1878157,1126581
