"variable","bin","n_trips","n_cells","n_days"
"pu_precip_bin","dry",26851891,16970530,61
"pu_precip_bin","0.1-0.25",125663,77365,33
"pu_precip_bin","0.25-0.5",294453,185864,33
"pu_precip_bin","0.5-1",433529,265435,31
"pu_precip_bin","1-2",368865,224425,28
"pu_precip_bin","2-4",288868,173938,22
"pu_precip_bin","4-6",157979,92753,19
"pu_precip_bin","6-10",149999,84523,15
"pu_precip_bin","10-15",141450,74602,11
"pu_precip_bin","15-25",74261,37293,8
"pu_precip_bin","25-40",50938,26042,4
"pu_precip_bin","ge40",26806,14157,4
"do_precip_bin","dry",25828096,16504279,61
"do_precip_bin","0.1-0.25",123406,76792,34
"do_precip_bin","0.25-0.5",280848,179472,34
"do_precip_bin","0.5-1",412675,254172,33
"do_precip_bin","1-2",353606,216690,29
"do_precip_bin","2-4",280552,169054,23
"do_precip_bin","4-6",146202,87437,19
"do_precip_bin","6-10",144338,81383,16
"do_precip_bin","10-15",136871,72330,11
"do_precip_bin","15-25",73442,37399,10
"do_precip_bin","25-40",51477,26415,4
"do_precip_bin","ge40",26746,14322,4
"do_precip_bin","outside_nyc",1106443,507182,61
