rule,window,n_dropped,n_total_window,share_dropped
fare_gt_0,pre,14178,6496995,0.002182239635400674
fare_gt_0,during,863,217785,0.003962623688500126
fare_gt_0,post,15872,6895496,0.00230179235837422
fare_le_1000,pre,10,6496995,1.5391731100300986e-06
fare_le_1000,during,0,217785,0.0
fare_le_1000,post,7,6895496,1.0151553999886303e-06
miles_gt_0,pre,1631,6496995,0.0002510391342459091
miles_gt_0,during,89,217785,0.0004086599168905113
miles_gt_0,post,1646,6895496,0.0002387065411973265
miles_le_100,pre,1037,6496995,0.00015961225151012122
miles_le_100,during,13,217785,5.969189797277131e-05
miles_le_100,post,833,6895496,0.000120803492598647
time_gt_60s,pre,744,6496995,0.00011451447938623933
time_gt_60s,during,48,217785,0.00022040085405330946
time_gt_60s,post,794,6895496,0.00011514762679871035
time_le_21600s,pre,37,6496995,5.6949405071113645e-06
time_le_21600s,during,22,217785,0.00010101705810776683
time_le_21600s,post,27,6895496,3.9155993999561455e-06
pu_zone_le_263,pre,397,6496995,6.110517246819491e-05
pu_zone_le_263,during,6,217785,2.7550106756663682e-05
pu_zone_le_263,post,396,6895496,5.74287911993568e-05
do_zone_le_263,pre,244795,6496995,0.037678188146981796
do_zone_le_263,during,6029,217785,0.027683265605987557
do_zone_le_263,post,261083,6895496,0.037862831042175936
driver_pay_gt_0,pre,47362,6496995,0.007289831683724553
driver_pay_gt_0,during,1463,217785,0.006717634364166495
driver_pay_gt_0,post,47523,6895496,0.006891890010522811
