"outcome","term","feols_est","fwl_est","rel_diff_est","feols_se","fwl_se","rel_diff_se","feols_p","fwl_p","abs_diff_p","stars_feols","stars_fwl"
"log_fare_per_mile","pu_precip_bin::0.1-0.25",0.0353783393808503,0.0353783393808107,1.11894425839609e-12,0.0088970301352147,0.00889703013467186,6.10146019301752e-11,0.000190709487840684,0.000190709487689801,1.50882751388456e-13,"***","***"
"log_fare_per_mile","pu_precip_bin::0.25-0.5",0.0512802493551194,0.0512802493551284,1.74959949114529e-13,0.0128305466933938,0.0128305466907279,2.07771132707986e-10,0.000178252425778109,0.000178252425284775,4.93334051995115e-13,"***","***"
"log_fare_per_mile","pu_precip_bin::0.5-1",0.0791009993019973,0.0791009993020038,8.29849646783223e-14,0.0124674152276258,0.01246741522995,1.86421671891659e-10,3.24165904174366e-08,3.24165905663129e-08,1.488762181102e-16,"***","***"
"log_fare_per_mile","pu_precip_bin::1-2",0.13422008741956,0.134220087419772,1.57575136670839e-12,0.0209654217812067,0.0209654217806164,2.81559855511892e-11,2.59381656729594e-08,2.59381656537548e-08,1.92045993420844e-17,"***","***"
"log_fare_per_mile","pu_precip_bin::2-4",0.12918489724744,0.129184897247761,2.48024631155689e-12,0.0377406322722903,0.0377406322733976,2.93386742686119e-11,0.00112158734661265,0.00112158734692947,3.16817752588072e-13,"***","***"
"log_fare_per_mile","pu_precip_bin::4-6",0.187472456436897,0.187472456437237,1.81259433369896e-12,0.0338211211238304,0.0338211211256603,5.4104344515589e-11,7.01550684916847e-07,7.01550685684528e-07,7.67681100810505e-16,"***","***"
"log_fare_per_mile","pu_precip_bin::6-10",0.257611659850739,0.25761165985118,1.70986431776903e-12,0.0538627234853477,0.0538627234889901,6.76237413709565e-11,1.16327718596843e-05,1.16327718728832e-05,1.31988434667451e-14,"***","***"
"log_fare_per_mile","pu_precip_bin::10-15",0.308121833920748,0.308121833921371,2.02247330477199e-12,0.065040659044535,0.0650406590525187,1.22749965751471e-10,1.36922929386123e-05,1.36922929666954e-05,2.80830961512778e-14,"***","***"
"log_fare_per_mile","pu_precip_bin::15-25",0.437610402978988,0.437610402979743,1.72618324613098e-12,0.0621527312025109,0.0621527312141769,1.87698377496489e-10,2.13044377803351e-09,2.13044378899141e-09,1.09579010432773e-17,"***","***"
"log_fare_per_mile","pu_precip_bin::25-40",0.419179464209201,0.419179464209934,1.74831612979331e-12,0.0640181381186906,0.0640181381312454,1.96112805396735e-10,1.46947347890675e-08,1.46947348620363e-08,7.29687765524935e-17,"***","***"
"log_fare_per_mile","pu_precip_bin::ge40",0.517821264237195,0.517821264237984,1.52440354428339e-12,0.0596460466654686,0.0596460466911835,4.31126056415966e-10,3.4017574917571e-12,3.4017575411892e-12,4.9432096917493e-20,"***","***"
"log_fare_per_mile","do_precip_bin::0.1-0.25",0.0276939489105349,0.0276939489104207,4.12428229264971e-12,0.00803632693283163,0.00803632693223919,7.37212374058151e-11,0.00104450971807523,0.00104450971730267,7.72557798983664e-13,"***","***"
"log_fare_per_mile","do_precip_bin::0.25-0.5",0.0356466863038327,0.0356466863037447,2.46903539720314e-12,0.00669063121643741,0.00669063121722629,1.17907416529173e-10,1.57390838966178e-06,1.57390839343004e-06,3.76826005871243e-15,"***","***"
"log_fare_per_mile","do_precip_bin::0.5-1",0.042273951389362,0.0422739513893639,4.56312325176121e-14,0.00824672734633984,0.00824672734830178,2.3790519671473e-10,3.32709798988704e-06,3.32709800484924e-06,1.49622021620532e-14,"***","***"
"log_fare_per_mile","do_precip_bin::1-2",0.0808924422141974,0.0808924422140243,2.1395063248675e-12,0.0131631191661475,0.0131631191706004,3.3828567484846e-10,7.01488512118776e-08,7.01488517789223e-08,5.67044763936403e-16,"***","***"
"log_fare_per_mile","do_precip_bin::2-4",0.0510116039114966,0.0510116039112148,5.52482363209088e-12,0.0231973385371506,0.0231973385385954,6.22837178652062e-11,0.031741774734678,0.0317417747458189,1.1140900701978e-11,"**","**"
"log_fare_per_mile","do_precip_bin::4-6",0.0630581672575439,0.063058167257345,3.15439444722536e-12,0.0192330423024645,0.0192330423025695,5.45769701332721e-12,0.00173839515270283,0.00173839515285006,1.47229667693538e-13,"***","***"
"log_fare_per_mile","do_precip_bin::6-10",0.114305073127904,0.114305073127766,1.20572348145203e-12,0.0177139594646827,0.0177139594585006,3.48995550332059e-10,2.12807256782484e-08,2.12807254922641e-08,1.85984268308268e-16,"***","***"
"log_fare_per_mile","do_precip_bin::10-15",0.150197273228011,0.150197273227474,3.57244027317849e-12,0.0304056988426823,0.0304056988376529,1.6540911348602e-10,6.58801831564101e-06,6.58801829646009e-06,1.91809137068408e-14,"***","***"
"log_fare_per_mile","do_precip_bin::15-25",0.264093507149025,0.26409350714854,1.83794562617633e-12,0.0619740389156521,0.0619740389173065,2.66952541238223e-11,7.28468932556864e-05,7.28468932860784e-05,3.03920164859348e-14,"***","***"
"log_fare_per_mile","do_precip_bin::25-40",0.208939082790369,0.208939082789651,3.43711551658005e-12,0.0614218964339389,0.0614218964360551,3.44548035282659e-11,0.00119717128667159,0.00119717128714408,4.7249422256701e-13,"***","***"
"log_fare_per_mile","do_precip_bin::ge40",0.0942131893852777,0.0942131893843863,9.46208894358981e-12,0.0614267827616555,0.0614267827812507,3.19001488857768e-10,0.130348206720212,0.130348206844082,1.23870247392688e-10,"",""
"log_fare_per_mile","pu_rain6h_bin::0.1-0.5",-0.0266695514208253,-0.0266695514207598,2.45649301557367e-12,0.00973960794891105,0.00973960794827275,6.55360026585037e-11,0.00811826071130633,0.00811826070752431,3.78201983619597e-12,"***","***"
"log_fare_per_mile","pu_rain6h_bin::0.5-1",-0.00311232867309107,-0.00311232867301366,2.4872148324588e-11,0.015378427288939,0.0153784272898575,5.97280801350891e-11,0.840302184171611,0.840302184184935,1.33240085631314e-11,"",""
"log_fare_per_mile","pu_rain6h_bin::1-2",-0.0104376607918429,-0.010437660791685,1.51293810571554e-11,0.019425809782108,0.01942580978127,4.31399037368055e-11,0.593041434255959,0.593041434245629,1.03297370657174e-11,"",""
"log_fare_per_mile","pu_rain6h_bin::2-5",-0.017869346781773,-0.0178693467816074,9.26436387301412e-12,0.0107848392396186,0.0107848392376075,1.86483221105925e-10,0.10276137835001,0.102761378290399,5.96104415828691e-11,"",""
"log_fare_per_mile","pu_rain6h_bin::5-10",-0.0144298787953486,-0.014429878795137,1.46607605193826e-11,0.0129397544507878,0.0129397544552864,3.47656442664392e-10,0.269229182723148,0.269229182894869,1.71720471175973e-10,"",""
"log_fare_per_mile","pu_rain6h_bin::10-20",-0.000548644220406569,-0.000548644220013217,7.16952813853033e-10,0.022151908394913,0.0221519083856326,4.1894371670615e-10,0.980322718088532,0.980322718094394,5.86275472613806e-12,"",""
"log_fare_per_mile","pu_rain6h_bin::20-35",-0.047585316766708,-0.0475853167660885,1.30199818134978e-11,0.0228980905676998,0.0228980905693766,7.32250716706188e-11,0.0419829000175257,0.0419829000346209,1.70952696443294e-11,"**","**"
"log_fare_per_mile","pu_rain6h_bin::35-50",0.00196773724461297,0.00196773724545796,4.29422549354859e-10,0.0368809171642172,0.0368809171589998,1.41464686580949e-10,0.95762726065067,0.957627260626504,2.41667796885281e-11,"",""
"log_fare_per_mile","pu_rain6h_bin::50-75",0.221915053441836,0.221915053442891,4.75377357974195e-12,0.0599800255569637,0.0599800255639462,1.16413951580528e-10,0.000470352255675282,0.000470352256297733,6.22451851346739e-13,"***","***"
"log_fare_per_mile","pu_rain6h_bin::ge75",0.360585585265146,0.360585585265467,8.91662343338059e-13,0.0476623869273456,0.0476623869191036,1.72924707145635e-10,2.7067911068864e-10,2.70679109287863e-10,1.40077670401631e-18,"***","***"
"log_fare_per_mile","do_rain6h_bin::0.1-0.5",-0.0215758926902746,-0.0215758926903096,1.61959786330547e-12,0.0082087637725422,0.00820876377251839,2.90129174886828e-12,0.0108782692166932,0.0108782692163532,3.39981515162791e-13,"**","**"
"log_fare_per_mile","do_rain6h_bin::0.5-1",0.0148069856662769,0.014806985666149,8.63531584679712e-12,0.0184599836874857,0.0184599836875997,6.17415506688088e-12,0.425653421271234,0.425653421278052,6.81743550501324e-12,"",""
"log_fare_per_mile","do_rain6h_bin::1-2",-0.00297376521585516,-0.00297376521600132,4.91501011621964e-11,0.0170886900506323,0.0170886900506555,1.3594615339999e-12,0.86243596031105,0.862435960304543,6.50701714732804e-12,"",""
"log_fare_per_mile","do_rain6h_bin::2-5",-0.00093552388172799,-0.000935523881896466,1.80087699819782e-10,0.0116434468019358,0.0116434468029493,8.70442284698884e-11,0.936228144621113,0.936228144615193,5.92059734572103e-12,"",""
"log_fare_per_mile","do_rain6h_bin::5-10",0.00605717895269875,0.00605717895248833,3.47381215554699e-11,0.014327602010633,0.0143276020087654,1.30348330915527e-10,0.673979580420262,0.673979580390931,2.93315371990843e-11,"",""
"log_fare_per_mile","do_rain6h_bin::10-20",0.00441174499936198,0.00441174499891855,1.00509679525769e-10,0.0256082888435982,0.0256082888527719,3.5823031189823e-10,0.863798765230695,0.86379876529255,6.18551876385709e-11,"",""
"log_fare_per_mile","do_rain6h_bin::20-35",-0.0741327204279024,-0.0741327204285305,8.47201021904036e-12,0.0218870888921658,0.0218870888980835,2.70372917135894e-10,0.00125203284594084,0.00125203284933345,3.39260867662783e-12,"***","***"
"log_fare_per_mile","do_rain6h_bin::35-50",-0.0860257222281656,-0.086025722229184,1.18384077937473e-11,0.0126869168002607,0.0126869168034256,2.49466685492468e-10,5.91303552895732e-09,5.91303556627449e-09,3.73171672471856e-17,"***","***"
"log_fare_per_mile","do_rain6h_bin::50-75",0.015236943467323,0.015236943466121,7.88824510005461e-11,0.0659245431243752,0.0659245431168887,1.1356224573684e-10,0.818002480586844,0.818002480580646,6.19826412417979e-12,"",""
"log_fare_per_mile","do_rain6h_bin::ge75",0.0172412857906967,0.0172412857901509,3.1655738761678e-11,0.0957418819293952,0.0957418819101401,2.01114965404696e-10,0.857695878289899,0.857695878266048,2.38510322603247e-11,"",""
"log_pay_per_mile","pu_precip_bin::0.1-0.25",0.0387851633870103,0.0387851633870121,4.63366237027087e-14,0.00962419696335978,0.00962419696336009,3.19035506460277e-14,0.000159543165875873,0.000159543165875842,3.13334427848311e-17,"***","***"
"log_pay_per_mile","pu_precip_bin::0.25-0.5",0.041776110848637,0.0417761108486345,5.84662048371369e-14,0.00954576650506993,0.00954576650506603,4.08340561069625e-13,4.89727766303958e-05,4.89727766301356e-05,2.60167863815053e-16,"***","***"
"log_pay_per_mile","pu_precip_bin::0.5-1",0.0749050906001733,0.0749050906001776,5.76194751738317e-14,0.0120595269123044,0.0120595269122919,1.03641566831783e-12,5.4367654139487e-08,5.43676541380563e-08,1.43069820491662e-18,"***","***"
"log_pay_per_mile","pu_precip_bin::1-2",0.115409327372907,0.115409327372949,3.60384476773094e-13,0.0182249682811718,0.0182249682811636,4.50219825614025e-13,3.39810045733493e-08,3.39810045726717e-08,6.77560183354436e-19,"***","***"
"log_pay_per_mile","pu_precip_bin::2-4",0.128886126379208,0.128886126379235,2.05658866920541e-13,0.0378520265603812,0.0378520265603316,1.31144489474997e-12,0.00118514743076002,0.00118514743074127,1.87549628605232e-14,"***","***"
"log_pay_per_mile","pu_precip_bin::4-6",0.158047782937529,0.158047782937564,2.17411481347577e-13,0.0361349806858584,0.0361349806856328,6.24452778383432e-12,4.94142390799972e-05,4.94142390751495e-05,4.84763054350856e-15,"***","***"
"log_pay_per_mile","pu_precip_bin::6-10",0.231038453728167,0.23103845372819,9.9110557196835e-14,0.0549760136205146,0.0549760136204493,1.18681612364292e-12,8.90830834782444e-05,8.9083083476603e-05,1.64138722145296e-15,"***","***"
"log_pay_per_mile","pu_precip_bin::10-15",0.289165968308042,0.289165968307924,4.0966368698446e-13,0.0632425270729953,0.0632425270728943,1.59794453975349e-12,2.46461524479822e-05,2.46461524475087e-05,4.73549015755567e-16,"***","***"
"log_pay_per_mile","pu_precip_bin::15-25",0.409998499305613,0.409998499305721,2.63069662510975e-13,0.0517119268204806,0.0517119268203727,2.08507938114793e-12,6.48940748406066e-11,6.48940748358587e-11,4.74788746908367e-21,"***","***"
"log_pay_per_mile","pu_precip_bin::25-40",0.408393921348506,0.408393921348613,2.62744007001156e-13,0.0447765746764999,0.0447765746763476,3.40106195280224e-12,6.18681727103311e-13,6.18681727023402e-13,7.9908959126247e-23,"***","***"
"log_pay_per_mile","pu_precip_bin::ge40",0.558421152560178,0.558421152560264,1.5268964633646e-13,0.0556310290689303,0.0556310290688609,1.24655802411498e-12,1.85179367184193e-14,1.85179367174356e-14,9.83659061712668e-25,"***","***"
"log_pay_per_mile","do_precip_bin::0.1-0.25",0.0288717386377564,0.0288717386377551,4.49426747834914e-14,0.00857209369714614,0.00857209369715261,7.55442365028902e-13,0.00132650372071143,0.00132650372072232,1.08875582160994e-14,"***","***"
"log_pay_per_mile","do_precip_bin::0.25-0.5",0.0305947364127265,0.030594736412719,2.45511271927646e-13,0.00623300566185217,0.00623300566185205,1.86469384428425e-14,7.38170122299926e-06,7.3817012230291e-06,2.98426647976635e-17,"***","***"
"log_pay_per_mile","do_precip_bin::0.5-1",0.0468965134777495,0.0468965134777477,3.72863808865933e-14,0.00746883422094693,0.00746883422093626,1.42864117546051e-12,4.18261742305759e-08,4.18261742291588e-08,1.41709935564625e-18,"***","***"
"log_pay_per_mile","do_precip_bin::1-2",0.074360222118,0.0743602221179379,8.34978983167027e-13,0.00993349155827758,0.00993349155824346,3.43452313840306e-12,3.70261908020833e-10,3.70261907992476e-10,2.83567853740835e-20,"***","***"
"log_pay_per_mile","do_precip_bin::2-4",0.0659581224379126,0.0659581224378733,5.9544053172654e-13,0.024133439733419,0.0241334397334208,7.59057975517188e-14,0.00823280678461825,0.00823280678465894,4.06931432994639e-14,"***","***"
"log_pay_per_mile","do_precip_bin::4-6",0.062521636091393,0.0625216360913656,4.37720431963833e-13,0.0228662212378879,0.0228662212379303,1.85381320411315e-12,0.00820675599024884,0.0082067559903874,1.38561037643647e-13,"***","***"
"log_pay_per_mile","do_precip_bin::6-10",0.124127547469645,0.124127547469635,7.9491678781207e-14,0.0229649853762266,0.0229649853762756,2.13348839778532e-12,1.17898123973403e-06,1.1789812397869e-06,5.28686201940612e-17,"***","***"
"log_pay_per_mile","do_precip_bin::10-15",0.170432702761374,0.170432702761425,2.97859195908323e-13,0.0292840247147338,0.0292840247147796,1.56127350588668e-12,2.45001589007253e-07,2.45001589014138e-07,6.88447203704614e-18,"***","***"
"log_pay_per_mile","do_precip_bin::15-25",0.286512879175113,0.286512879174958,5.40942992454262e-13,0.0575931879294679,0.0575931879294121,9.68427538130231e-13,5.79873115987282e-06,5.7987311598278e-06,4.5016413014777e-17,"***","***"
"log_pay_per_mile","do_precip_bin::25-40",0.258306828761794,0.258306828761884,3.47499645949044e-13,0.0429590319559738,0.0429590319558579,2.69728120084498e-12,1.16935817510969e-07,1.16935817502731e-07,8.23812333098712e-18,"***","***"
"log_pay_per_mile","do_precip_bin::ge40",0.14210035078767,0.142100350787494,1.24089188315635e-12,0.0557211434997146,0.0557211434995794,2.42520074591229e-12,0.0133370398545218,0.0133370398544178,1.03968916809194e-13,"**","**"
"log_pay_per_mile","pu_rain6h_bin::0.1-0.5",-0.0237869016772461,-0.0237869016772541,3.35904879028122e-13,0.00943359830979371,0.00943359830980698,1.40655764979639e-12,0.014358959533379,0.0143589595334784,9.93788384917593e-14,"**","**"
"log_pay_per_mile","pu_rain6h_bin::0.5-1",-0.0143655540344911,-0.0143655540344888,1.61088191335813e-13,0.00908485048890848,0.00908485048890511,3.70818759698897e-13,0.119075199393053,0.119075199392977,7.58837437331294e-14,"",""
"log_pay_per_mile","pu_rain6h_bin::1-2",-0.016087412709852,-0.0160874127098383,8.49277776557958e-13,0.0118264891805808,0.0118264891805952,1.21613372487078e-12,0.178828202359713,0.178828202360597,8.84015083357781e-13,"",""
"log_pay_per_mile","pu_rain6h_bin::2-5",-0.0242615613310542,-0.0242615613310416,5.21670568024273e-13,0.00798085496406506,0.00798085496408808,2.88394052803797e-12,0.00350337731370965,0.0035033773138138,1.04146725965482e-13,"***","***"
"log_pay_per_mile","pu_rain6h_bin::5-10",-0.0199368192267115,-0.0199368192266971,7.24627983213036e-13,0.0108562505334125,0.0108562505333957,1.54533194352307e-12,0.0712483284664317,0.0712483284662058,2.25874874359988e-13,"*","*"
"log_pay_per_mile","pu_rain6h_bin::10-20",-0.0143921442109985,-0.0143921442109957,1.98637829533771e-13,0.0163506460552691,0.0163506460553234,3.31610853674238e-12,0.382252951594623,0.382252951596285,1.66200386786386e-12,"",""
"log_pay_per_mile","pu_rain6h_bin::20-35",-0.0694335191437494,-0.069433519143691,8.41059646917527e-13,0.0189494616126966,0.0189494616126905,3.21505115667695e-13,0.000527141990140635,0.000527141990143832,3.19774588752875e-15,"***","***"
"log_pay_per_mile","pu_rain6h_bin::35-50",-0.0307370352650045,-0.0307370352649257,2.56452302796207e-12,0.0318189759505173,0.0318189759505562,1.22317751418342e-12,0.337923285360128,0.337923285361944,1.81576975677444e-12,"",""
"log_pay_per_mile","pu_rain6h_bin::50-75",0.103689892197593,0.103689892197793,1.92300378558313e-12,0.0456384207964906,0.0456384207964409,1.08861085648687e-12,0.0266856173604252,0.0266856173599866,4.38662994817207e-13,"**","**"
"log_pay_per_mile","pu_rain6h_bin::ge75",0.261169880385942,0.261169880386545,2.30912211655187e-12,0.0553884663042177,0.0553884663044122,3.5108843886185e-12,1.48223174212987e-05,1.48223174215994e-05,3.00627239573602e-16,"***","***"
"log_pay_per_mile","do_rain6h_bin::0.1-0.5",-0.0147057657660483,-0.0147057657660499,1.10648479402749e-13,0.00737349510660813,0.00737349510660806,9.29295758800664e-15,0.0506568508764076,0.0506568508763808,2.67702526812741e-14,"*","*"
"log_pay_per_mile","do_rain6h_bin::0.5-1",0.00642643164049533,0.0064264316404966,1.9759294978156e-13,0.0103844481872598,0.0103844481872533,6.26270957701526e-13,0.538356748687981,0.538356748687647,3.33733041202322e-13,"",""
"log_pay_per_mile","do_rain6h_bin::1-2",0.000303681236634212,0.000303681236629716,1.48063255391305e-11,0.0117303563558255,0.0117303563558237,1.55425318545092e-13,0.979432191475569,0.97943219147587,3.01314528883267e-13,"",""
"log_pay_per_mile","do_rain6h_bin::2-5",-0.000538797930896548,-0.00053879793091062,2.61175406032244e-11,0.00832810939870525,0.00832810939870426,1.1872951398315e-13,0.948630875689252,0.948630875687906,1.34581235045061e-12,"",""
"log_pay_per_mile","do_rain6h_bin::5-10",0.0109803529249105,0.0109803529248962,1.2992629621283e-12,0.0147913975020258,0.0147913975020301,2.91321568076054e-13,0.460773371103753,0.460773371104463,7.09876601945325e-13,"",""
"log_pay_per_mile","do_rain6h_bin::10-20",0.0051538626134332,0.00515386261344736,2.74655042745528e-12,0.0201605750060313,0.0201605750059701,3.03602368027967e-12,0.799102685991088,0.799102685989952,1.13620224340139e-12,"",""
"log_pay_per_mile","do_rain6h_bin::20-35",-0.0744307417860945,-0.074430741786133,5.16845954777904e-13,0.0208509980688905,0.0208509980688438,2.24063963272398e-12,0.000710932540270364,0.000710932540248369,2.19953178934307e-14,"***","***"
"log_pay_per_mile","do_rain6h_bin::35-50",-0.0979494010250487,-0.0979494010251069,5.93936112743363e-13,0.0175534848770031,0.0175534848769782,1.42169672291665e-12,6.10026936308497e-07,6.10026936282552e-07,2.59445132952808e-17,"***","***"
"log_pay_per_mile","do_rain6h_bin::50-75",-0.0371412513730558,-0.0371412513733207,7.13221024824527e-12,0.0707685146186888,0.0707685146186739,2.10612645834121e-13,0.601637116398148,0.601637116395485,2.66275890226098e-12,"",""
"log_pay_per_mile","do_rain6h_bin::ge75",-0.00475121592618466,-0.00475121592684458,1.3889424856494e-10,0.0930892971998572,0.0930892972000012,1.54655986293651e-12,0.959463715629999,0.959463715624437,5.56255042027942e-12,"",""
"log_fare_per_min","pu_precip_bin::0.1-0.25",0.0148769049076463,0.0148769049076507,2.95943827655056e-13,0.0100923915523084,0.0100923915523566,4.77614854488499e-12,0.145690094402879,0.145690094404652,1.77313719262884e-12,"",""
"log_fare_per_min","pu_precip_bin::0.25-0.5",0.024279029432765,0.0242790294327694,1.82196116034655e-13,0.0126636418287609,0.012663641828719,3.30694440034189e-12,0.0599744011819574,0.0599744011810905,8.66896832096842e-13,"*","*"
"log_fare_per_min","pu_precip_bin::0.5-1",0.0398009566716521,0.0398009566716767,6.16814486007296e-13,0.0155013225167808,0.0155013225170702,1.86706346955355e-11,0.0127506354202235,0.0127506354217559,1.53237839084497e-12,"**","**"
"log_fare_per_min","pu_precip_bin::1-2",0.0983461127875624,0.0983461127876397,7.85709982059232e-13,0.0150597597182214,0.01505975971826,2.56123452233272e-12,1.57288524188862e-08,1.57288524195976e-08,7.11388561685405e-19,"***","***"
"log_fare_per_min","pu_precip_bin::2-4",0.104457553812598,0.104457553812629,2.9533835678479e-13,0.0245233334842616,0.0245233334843054,1.78244781345556e-12,7.33082466013243e-05,7.33082466029175e-05,1.5932486449946e-15,"***","***"
"log_fare_per_min","pu_precip_bin::4-6",0.141550397859831,0.141550397859891,4.24714996866234e-13,0.0183545214544669,0.0183545214545148,2.61174602966708e-12,1.52026581652729e-10,1.52026581662815e-10,1.00862267991653e-20,"***","***"
"log_fare_per_min","pu_precip_bin::6-10",0.202173093351079,0.202173093351122,2.15676619323589e-13,0.0298819746851392,0.0298819746851729,1.12587027623129e-12,6.26941801031069e-09,6.26941801046185e-09,1.51158157957328e-19,"***","***"
"log_fare_per_min","pu_precip_bin::10-15",0.230873356011281,0.230873356011362,3.50080397275302e-13,0.0361375319134632,0.0361375319136089,4.03055533193877e-12,2.73080090622837e-08,2.73080090647808e-08,2.49711268550978e-18,"***","***"
"log_fare_per_min","pu_precip_bin::15-25",0.243020329615803,0.243020329615906,4.21324086787004e-13,0.0438938980681103,0.0438938980684708,8.21211321812529e-12,7.19026083328268e-07,7.19026083445315e-07,1.1704629490427e-16,"***","***"
"log_fare_per_min","pu_precip_bin::25-40",0.257216703444707,0.257216703444867,6.23488730550419e-13,0.0417842473079764,0.0417842473084906,1.23054038640388e-11,6.73739672902365e-08,6.73739673089627e-08,1.87262573374573e-17,"***","***"
"log_fare_per_min","pu_precip_bin::ge40",0.216709581494906,0.216709581494944,1.71623566749479e-13,0.0402651680114192,0.0402651680119914,1.42089480417095e-11,1.28516596772785e-06,1.28516596809139e-06,3.63542305796809e-16,"***","***"
"log_fare_per_min","do_precip_bin::0.1-0.25",0.021081854351066,0.0210818543510537,5.82414267668203e-13,0.00655860113759515,0.00655860113762091,3.92750044626508e-12,0.00210562768399443,0.00210562768408496,9.05326161260156e-14,"***","***"
"log_fare_per_min","do_precip_bin::0.25-0.5",0.0211740336880968,0.0211740336880873,4.49287258270716e-13,0.00826762729696982,0.00826762729701681,5.68321700804401e-12,0.0129674005271538,0.012967400527681,5.27191137966732e-13,"**","**"
"log_fare_per_min","do_precip_bin::0.5-1",0.0167550971597809,0.0167550971597746,3.77692303423571e-13,0.0107802226077929,0.0107802226079093,1.07967410187361e-11,0.125385557757274,0.125385557761414,4.1403547257346e-12,"",""
"log_fare_per_min","do_precip_bin::1-2",0.0609957127986026,0.0609957127985438,9.65370367307286e-13,0.015034028880953,0.0150340288812143,1.73835481721331e-11,0.000145646801139793,0.00014564680117616,3.6366932685758e-14,"***","***"
"log_fare_per_min","do_precip_bin::2-4",0.0527025912546001,0.0527025912545907,1.7774281201889e-13,0.0230808780960666,0.0230808780962127,6.32834314488837e-12,0.0259635104516891,0.0259635104526187,9.29558513496076e-13,"**","**"
"log_fare_per_min","do_precip_bin::4-6",0.060622824346835,0.0606228243467892,7.56581191968522e-13,0.0239870843496368,0.0239870843498245,7.82246382125839e-12,0.0141467946325525,0.01414679463334,7.87502008048335e-13,"**","**"
"log_fare_per_min","do_precip_bin::6-10",0.103864422383345,0.103864422383324,2.01223363679148e-13,0.0239310370438629,0.0239310370435476,1.3173758623677e-11,5.55274136086975e-05,5.5527413597883e-05,1.08144829896739e-14,"***","***"
"log_fare_per_min","do_precip_bin::10-15",0.12905223913583,0.129052239135758,5.61338980570067e-13,0.0235584046122772,0.0235584046117634,2.18087769197327e-11,8.96611445297918e-07,8.96611444905205e-07,3.92713485225537e-16,"***","***"
"log_fare_per_min","do_precip_bin::15-25",0.168719593533426,0.168719593533401,1.50195007031289e-13,0.0341703138677801,0.0341703138673975,1.11975701812337e-11,6.64019805308771e-06,6.64019805176878e-06,1.31892940172977e-15,"***","***"
"log_fare_per_min","do_precip_bin::25-40",0.163465533365509,0.163465533365565,3.39589331698046e-13,0.0245330906172672,0.0245330906165893,2.7634276949323e-11,9.36872106236763e-09,9.36872105554022e-09,6.82741146403101e-18,"***","***"
"log_fare_per_min","do_precip_bin::ge40",0.132621729316889,0.132621729316846,3.23552709822024e-13,0.0339914402605735,0.0339914402611139,1.58995801693195e-11,0.000244221520564031,0.000244221520614905,5.08734222283425e-14,"***","***"
"log_fare_per_min","pu_rain6h_bin::0.1-0.5",-0.00652345575598933,-0.00652345575599709,1.18999619915701e-12,0.00890652489132744,0.00890652489138517,6.48213896086462e-12,0.466754391983699,0.466754391986047,2.34789965247728e-12,"",""
"log_fare_per_min","pu_rain6h_bin::0.5-1",0.0152533760757072,0.0152533760756909,1.07176496248864e-12,0.0157490897187874,0.0157490897188335,2.92970424563584e-12,0.336670623840197,0.336670623842115,1.9186874311572e-12,"",""
"log_fare_per_min","pu_rain6h_bin::1-2",0.00393274505196273,0.00393274505195389,2.24783216729646e-12,0.0136100876500689,0.0136100876500806,8.61110677978625e-13,0.773609483643791,0.773609483644475,6.84008405471559e-13,"",""
"log_fare_per_min","pu_rain6h_bin::2-5",-0.00721518511897075,-0.00721518511899724,3.67179725651959e-12,0.0105355529840812,0.0105355529842345,1.45480254288995e-11,0.496081024335004,0.496081024339671,4.66715555091923e-12,"",""
"log_fare_per_min","pu_rain6h_bin::5-10",4.52169711633033e-05,4.52169711307737e-05,7.19409853969102e-10,0.0146767002141363,0.0146767002145677,2.93936263637279e-11,0.997552047813209,0.997552047815043,1.8330892359586e-12,"",""
"log_fare_per_min","pu_rain6h_bin::10-20",0.020655363573758,0.0206553635737673,4.52842621194547e-13,0.0164786588079313,0.0164786588073178,3.72290587741232e-11,0.214900233402182,0.214900233385122,1.70599923077219e-11,"",""
"log_fare_per_min","pu_rain6h_bin::20-35",-0.000541263326757468,-0.000541263326681307,1.4071025270739e-10,0.0176308009858187,0.0176308009860017,1.03814990336791e-11,0.975610786647788,0.975610786651472,3.68383101800873e-12,"",""
"log_fare_per_min","pu_rain6h_bin::35-50",0.0441793369374532,0.0441793369375855,2.99297299142486e-12,0.0292475097828791,0.0292475097822956,1.99513150754005e-11,0.13615631212076,0.136156312111938,8.82163786464218e-12,"",""
"log_fare_per_min","pu_rain6h_bin::50-75",0.156019215167421,0.15601921516751,5.73544583523026e-13,0.0450114628569323,0.0450114628573305,8.84668658135371e-12,0.000981586237275523,0.000981586237362606,8.70835521749047e-14,"***","***"
"log_fare_per_min","pu_rain6h_bin::ge75",0.310359586204097,0.310359586204409,1.00448202398921e-12,0.0646595939061499,0.0646595939053318,1.26519173145818e-11,1.09357862706864e-05,1.09357862681029e-05,2.58348437044351e-15,"***","***"
"log_fare_per_min","do_rain6h_bin::0.1-0.5",-0.00970550851137441,-0.00970550851136761,7.00645001532858e-13,0.00619937020041856,0.00619937020042821,1.55567337534415e-12,0.1227102156949,0.122710215695728,8.2769902043367e-13,"",""
"log_fare_per_min","do_rain6h_bin::0.5-1",0.0160768442509239,0.0160768442509292,3.25864007617594e-13,0.0135573799887491,0.0135573799887882,2.88383136963122e-12,0.240361602799404,0.240361602800593,1.18907661494916e-12,"",""
"log_fare_per_min","do_rain6h_bin::1-2",0.00323995630812398,0.00323995630813718,4.07344264863664e-12,0.00979875889763432,0.00979875889769875,6.57490360231812e-12,0.742061024145572,0.742061024146194,6.21724893790088e-13,"",""
"log_fare_per_min","do_rain6h_bin::2-5",-0.00729483089829962,-0.00729483089828319,2.2524580752492e-12,0.00902833746196552,0.00902833746216269,2.1839252304992e-11,0.42228674009163,0.422286740102748,1.11185505247136e-11,"",""
"log_fare_per_min","do_rain6h_bin::5-10",0.00543212912139682,0.00543212912142349,4.91024929093745e-12,0.0127925508585695,0.0127925508584843,6.66142014802308e-12,0.672623664857741,0.672623664854179,3.56281670832459e-12,"",""
"log_fare_per_min","do_rain6h_bin::10-20",0.0124776867379975,0.0124776867379692,2.26223185385281e-12,0.01953386187881,0.0195338618793932,2.98544344624754e-11,0.525402168173719,0.525402168186975,1.32563959809318e-11,"",""
"log_fare_per_min","do_rain6h_bin::20-35",-0.0373308016016685,-0.037330801601784,3.09594790105748e-12,0.0150801326805531,0.0150801326810691,3.42167744050893e-11,0.0161459765623083,0.016145976565461,3.15271767026282e-12,"**","**"
"log_fare_per_min","do_rain6h_bin::35-50",-0.0274054265589563,-0.027405426559091,4.91399221965477e-12,0.0131272670325618,0.0131272670330279,3.55051437873044e-11,0.041081725490272,0.0410817254962498,5.97784322042827e-12,"**","**"
"log_fare_per_min","do_rain6h_bin::50-75",-0.0029642373592893,-0.00296423735953844,8.40465915946815e-11,0.0501886267281626,0.0501886267276541,1.01318365356806e-11,0.953099052839175,0.953099052834763,4.41191527755791e-12,"",""
"log_fare_per_min","do_rain6h_bin::ge75",0.0266117309524776,0.0266117309520801,1.49355125950122e-11,0.0835318634813927,0.0835318634802799,1.33212493488075e-11,0.751150017319707,0.751150017320095,3.88133969408955e-13,"",""
"log_pay_per_min","pu_precip_bin::0.1-0.25",0.018283730111723,0.0182837301117311,4.41182631443469e-13,0.0104691348659654,0.010469134865967,1.53934219953699e-13,0.0858521074193232,0.0858521074192354,8.78463968234655e-14,"*","*"
"log_pay_per_min","pu_precip_bin::0.25-0.5",0.0147748914479644,0.0147748914479801,1.05915772930723e-12,0.0120436711256969,0.0120436711256999,2.54079688799708e-13,0.224698940345878,0.224698940345509,3.68649555326783e-13,"",""
"log_pay_per_min","pu_precip_bin::0.5-1",0.0356050484038503,0.035605048403867,4.6947823872934e-13,0.0144884801444074,0.0144884801444219,1.00262927809147e-12,0.0168988820229847,0.0168988820230406,5.58442181386454e-14,"**","**"
"log_pay_per_min","pu_precip_bin::1-2",0.079535349889258,0.0795353498892976,4.97458967555541e-13,0.0135490654683507,0.0135490654683634,9.32462176454224e-13,2.02213515515256e-07,2.02213515517233e-07,1.97718665712835e-18,"***","***"
"log_pay_per_min","pu_precip_bin::2-4",0.104158777622426,0.104158777622462,3.4002045045042e-13,0.0239992311060628,0.0239992311060555,3.06043938025594e-13,5.55403617162135e-05,5.55403617156749e-05,5.38679073135845e-16,"***","***"
"log_pay_per_min","pu_precip_bin::4-6",0.112125718833364,0.112125718833454,8.06979678243334e-13,0.0176643571129506,0.0176643571129454,2.97167522414802e-13,3.20472605979144e-08,3.20472605970417e-08,8.72702016023046e-19,"***","***"
"log_pay_per_min","pu_precip_bin::6-10",0.175599880869515,0.17559988086964,7.14912036886717e-13,0.0315526542476053,0.0315526542475827,7.16702153022513e-13,6.45029096393074e-07,6.45029096373652e-07,1.94217243267123e-17,"***","***"
"log_pay_per_min","pu_precip_bin::10-15",0.211917479267798,0.211917479267882,3.95409019931263e-13,0.0331804914368413,0.0331804914368141,8.1830891196028e-13,2.75139542607307e-08,2.75139542599013e-08,8.29380912982419e-19,"***","***"
"log_pay_per_min","pu_precip_bin::15-25",0.215408416264236,0.215408416264194,1.96626525202682e-13,0.0339131124599669,0.033913112460031,1.8911916866824e-12,3.15279509962183e-08,3.15279509978428e-08,1.62445699160104e-18,"***","***"
"log_pay_per_min","pu_precip_bin::25-40",0.246431153527367,0.246431153527343,9.5848250153474e-14,0.0277133956686485,0.0277133956687356,3.14215010272432e-12,1.49979794142422e-12,1.49979794159186e-12,1.67641398948369e-22,"***","***"
"log_pay_per_min","pu_precip_bin::ge40",0.257309447968178,0.257309447968115,2.45508630172741e-13,0.0412150920271673,0.0412150920271848,4.25104160772389e-13,4.80661356084999e-08,4.80661356092793e-08,7.79362955702562e-19,"***","***"
"log_pay_per_min","do_precip_bin::0.1-0.25",0.0222596464581776,0.0222596464581741,1.57577114938252e-13,0.00781968612587504,0.00781968612587722,2.78853572151381e-13,0.00603978332809632,0.00603978332811704,2.0719537197067e-14,"***","***"
"log_pay_per_min","do_precip_bin::0.25-0.5",0.0161220851674227,0.0161220851674067,9.90343042297858e-13,0.00923524764468956,0.00923524764468405,5.96383253392606e-13,0.0859798634384178,0.0859798634385384,1.205840982621e-13,"*","*"
"log_pay_per_min","do_precip_bin::0.5-1",0.0213776585779809,0.0213776585779683,5.89448619152083e-13,0.00841961274458689,0.00841961274458214,5.63914077497335e-13,0.0137268668205039,0.0137268668205061,2.27942664743352e-15,"**","**"
"log_pay_per_min","do_precip_bin::1-2",0.0544634949224348,0.0544634949223815,9.78976116636614e-13,0.0116022785076616,0.011602278507662,2.84079941899293e-14,1.59803305464873e-05,1.59803305467575e-05,2.70115418747607e-16,"***","***"
"log_pay_per_min","do_precip_bin::2-4",0.0676491145811617,0.0676491145811097,7.68468197254862e-13,0.0213231261311065,0.0213231261311028,1.7279608254062e-13,0.00238252247568496,0.00238252247569822,1.32563231225458e-14,"***","***"
"log_pay_per_min","do_precip_bin::4-6",0.0600862948143555,0.0600862948142994,9.33326654682989e-13,0.020147545040214,0.0201475450401715,2.10689110620803e-12,0.0041303255807129,0.00413032558067187,4.10340164624934e-14,"***","***"
"log_pay_per_min","do_precip_bin::6-10",0.113686898501515,0.113686898501475,3.4912090710101e-13,0.0285326119767694,0.0285326119767456,8.35728215846192e-13,0.000185685149559437,0.00018568514955824,1.19733866918437e-15,"***","***"
"log_pay_per_min","do_precip_bin::10-15",0.149287677888881,0.149287677888809,4.8023154240856e-13,0.0287005552632434,0.0287005552632282,5.29110645052546e-13,2.51759340024888e-06,2.51759340024651e-06,2.36279840636587e-18,"***","***"
"log_pay_per_min","do_precip_bin::15-25",0.191138966570028,0.191138966570049,1.07892142834501e-13,0.0339492908513927,0.0339492908512941,2.90499437787778e-12,5.04667273721448e-07,5.04667273688996e-07,3.24521615499172e-17,"***","***"
"log_pay_per_min","do_precip_bin::25-40",0.212833287636029,0.212833287636174,6.82043970104825e-13,0.0197741062566137,0.0197741062564772,6.90253763004617e-12,1.22630713414102e-15,1.22630713377035e-15,3.70669567714796e-25,"***","***"
"log_pay_per_min","do_precip_bin::ge40",0.180508909489855,0.180508909489844,6.01212987014407e-14,0.0289989232794451,0.0289989232794829,1.30312480351518e-12,5.16194066042715e-08,5.1619406605968e-08,1.69654081890136e-18,"***","***"
"log_pay_per_min","pu_rain6h_bin::0.1-0.5",-0.00364080770166588,-0.00364080770166232,9.78186047714315e-13,0.00668787465927759,0.00668787465928083,4.85176596022677e-13,0.588191137349013,0.588191137349558,5.44675415881102e-13,"",""
"log_pay_per_min","pu_rain6h_bin::0.5-1",0.00400014921981607,0.00400014921982601,2.48316402154116e-12,0.00739129167654406,0.00739129167654706,4.05441286299111e-13,0.59037525629463,0.59037525629386,7.70161712182471e-13,"",""
"log_pay_per_min","pu_rain6h_bin::1-2",-0.00171701020102522,-0.00171701020100463,1.1986393154042e-11,0.00728992305160626,0.00728992305160916,3.97396266650983e-13,0.814597922619876,0.81459792262213,2.25319762847676e-12,"",""
"log_pay_per_min","pu_rain6h_bin::2-5",-0.0136074031837193,-0.0136074031836996,1.44923584674106e-12,0.0087601052618412,0.00876010526185581,1.66876016841195e-12,0.125601738831513,0.125601738832669,1.15607523554218e-12,"",""
"log_pay_per_min","pu_rain6h_bin::5-10",-0.00546172805336985,-0.00546172805333674,6.06262365791266e-12,0.0106778351189217,0.0106778351189424,1.93847538239993e-12,0.610877340535644,0.610877340538491,2.84772205816353e-12,"",""
"log_pay_per_min","pu_rain6h_bin::10-20",0.00681185527165665,0.00681185527171729,8.90299783268884e-12,0.010141269714853,0.0101412697148268,2.58414067354894e-12,0.504355066365859,0.504355066360981,4.87831997020294e-12,"",""
"log_pay_per_min","pu_rain6h_bin::20-35",-0.0223894813631905,-0.0223894813631194,3.17603537008005e-12,0.014384088081227,0.0143840880812224,3.22967256765408e-13,0.124837984446819,0.124837984447874,1.05503106251348e-12,"",""
"log_pay_per_min","pu_rain6h_bin::35-50",0.0114745394810494,0.0114745394811544,9.1530556239748e-12,0.0237508250876703,0.0237508250876891,7.89983886745281e-13,0.630767593667781,0.630767593664929,2.85182988335464e-12,"",""
"log_pay_per_min","pu_rain6h_bin::50-75",0.0377940144263165,0.0377940144263851,1.81541400042593e-12,0.0304919566224392,0.0304919566224394,6.14424773474927e-15,0.219995988813378,0.219995988812553,8.24118551179254e-13,"",""
"log_pay_per_min","pu_rain6h_bin::ge75",0.210943850811082,0.210943850811279,9.36835549476449e-13,0.0803306265029731,0.0803306265030331,7.46834418015668e-13,0.0109486292694799,0.0109486292694656,1.43687145515159e-14,"**","**"
"log_pay_per_min","do_rain6h_bin::0.1-0.5",-0.002835380781352,-0.00283538078135798,2.10953201929934e-12,0.00488675533911401,0.00488675533911585,3.75218849086053e-13,0.563940727376694,0.56394072737602,6.74016398249933e-13,"",""
"log_pay_per_min","do_rain6h_bin::0.5-1",0.00769629284288189,0.00769629284287027,1.50971098414465e-12,0.00745843534702038,0.0074584353470198,7.849758641081e-14,0.306264746243348,0.306264746244034,6.86284362672041e-13,"",""
"log_pay_per_min","do_rain6h_bin::1-2",0.0065174058699208,0.00651740586989976,3.228082880912e-12,0.005628287877531,0.00562828787752879,3.92820182307788e-13,0.251463723891898,0.251463723893228,1.32938104968616e-12,"",""
"log_pay_per_min","do_rain6h_bin::2-5",-0.00689810158811767,-0.00689810158814204,3.53276841160178e-12,0.00608750013772269,0.00608750013771385,1.45260824948413e-12,0.261655520097965,0.261655520095612,2.35311770069302e-12,"",""
"log_pay_per_min","do_rain6h_bin::5-10",0.0103553075686875,0.0103553075686383,4.75489412704776e-12,0.0120662067222645,0.0120662067222463,1.50711044632692e-12,0.394193388012782,0.394193388014309,1.52633461425467e-12,"",""
"log_pay_per_min","do_rain6h_bin::10-20",0.0132198131672365,0.0132198131671475,6.7332366859712e-12,0.0134218236240324,0.0134218236240574,1.86114933065714e-12,0.328604343432667,0.328604343436791,4.12381240266768e-12,"",""
"log_pay_per_min","do_rain6h_bin::20-35",-0.0376288071273671,-0.0376288071274372,1.86321569450146e-12,0.0133265786299569,0.0133265786299842,2.04705664827488e-12,0.00643525973240848,0.00643525973241766,9.17928927313127e-15,"***","***"
"log_pay_per_min","do_rain6h_bin::35-50",-0.0393290763832504,-0.0393290763833555,2.67046947927485e-12,0.0187433439838264,0.0187433439838281,8.94046910326989e-14,0.0400977100781919,0.0400977100776955,4.96380714309907e-13,"**","**"
"log_pay_per_min","do_rain6h_bin::50-75",-0.0553423906576138,-0.0553423906577664,2.75637972575567e-12,0.055396768246209,0.0553967682462046,8.02904417210099e-14,0.321797841202568,0.321797841201207,1.36135547279537e-12,"",""
"log_pay_per_min","do_rain6h_bin::ge75",0.00461926598911777,0.00461926598887619,5.2299332995235e-11,0.0793776977922625,0.0793776977922164,5.80618165953464e-13,0.953787878019142,0.953787878021529,2.38731256985147e-12,"",""
"log_miles","pu_precip_bin::0.1-0.25",-0.00707740126216647,-0.00707740126217356,1.00199908230474e-12,0.00497521742390784,0.00497521742393283,5.02472512903084e-12,0.16005050394595,0.160050503947603,1.65326086154494e-12,"",""
"log_miles","pu_precip_bin::0.25-0.5",-0.0169540689508684,-0.0169540689508815,7.70052836167845e-13,0.00589031843461403,0.00589031843459139,3.84372147245293e-12,0.00553230803135668,0.00553230803115246,2.04217719124156e-13,"***","***"
"log_miles","pu_precip_bin::0.5-1",-0.0300572821006369,-0.0300572821006393,7.81446432384791e-14,0.0100573335809548,0.0100573335810003,4.53320972488757e-12,0.00405728899996612,0.00405728900011969,1.53568130434323e-13,"***","***"
"log_miles","pu_precip_bin::1-2",-0.0300444553796878,-0.0300444553797228,1.16527954159001e-12,0.0121856465591942,0.0121856465591888,4.37181217167772e-13,0.0165571746152577,0.0165571746150923,1.65398944540485e-13,"**","**"
"log_miles","pu_precip_bin::2-4",-0.0386918850585755,-0.0386918850586036,7.2864699894808e-13,0.0223495974398585,0.0223495974397975,2.73338354726025e-12,0.0885536445888005,0.0885536445877236,1.07687470052298e-12,"*","*"
"log_miles","pu_precip_bin::4-6",-0.0523430543185291,-0.0523430543185927,1.21536238454663e-12,0.0183753204537446,0.0183753204534847,1.41435792849496e-11,0.00600758270448897,0.00600758270376291,7.26053765720547e-13,"***","***"
"log_miles","pu_precip_bin::6-10",-0.0596409309896385,-0.0596409309896967,9.76013955415798e-13,0.0213754073444221,0.0213754073443225,4.66057550030233e-12,0.00705197631663937,0.00705197631633682,3.02544447827735e-13,"***","***"
"log_miles","pu_precip_bin::10-15",-0.0705511773838389,-0.0705511773838751,5.13597438198159e-13,0.0304486091889488,0.0304486091888505,3.23157568195493e-12,0.023931001239207,0.0239310012387019,5.05075148371503e-13,"**","**"
"log_miles","pu_precip_bin::15-25",-0.138931728145578,-0.138931728145569,6.59269129911062e-14,0.0498514608566647,0.0498514608566667,3.99479276273834e-14,0.00711479380179595,0.00711479380180167,5.71244440639163e-15,"***","***"
"log_miles","pu_precip_bin::25-40",-0.142706059636681,-0.142706059636685,3.13136504889358e-14,0.052053986237553,0.0520539862373632,3.64593955013671e-12,0.00804751732680519,0.00804751732658623,2.18965470755172e-13,"***","***"
"log_miles","pu_precip_bin::ge40",-0.161692571920999,-0.16169257192079,1.2891400662191e-12,0.0649823299587886,0.0649823299588079,2.97278977850271e-13,0.0156313805532634,0.0156313805534202,1.56874513379535e-13,"**","**"
"log_miles","do_precip_bin::0.1-0.25",-0.0143082708490015,-0.0143082708489945,4.90655089029717e-13,0.00409101595703997,0.00409101595713211,2.25229070523236e-11,0.000890848439580293,0.000890848439803217,2.229237844667e-13,"***","***"
"log_miles","do_precip_bin::0.25-0.5",-0.0212341182053711,-0.0212341182053568,6.70880186638416e-13,0.00554067910360205,0.00554067910366387,1.11572254292295e-11,0.000306390480516238,0.000306390480561538,4.53002435910066e-14,"***","***"
"log_miles","do_precip_bin::0.5-1",-0.0434257928353484,-0.0434257928353411,1.67936542244779e-13,0.00697762951330565,0.00697762951329184,1.97920132702902e-12,5.18402429451703e-08,5.18402429429072e-08,2.26302718960217e-18,"***","***"
"log_miles","do_precip_bin::1-2",-0.0516016799483262,-0.0516016799482803,8.87907457535898e-13,0.00893125931708961,0.00893125931709498,6.0153203645316e-13,2.87986770304779e-07,2.87986770314231e-07,9.45262299356197e-18,"***","***"
"log_miles","do_precip_bin::2-4",-0.0623478329778559,-0.0623478329778346,3.40334804670512e-13,0.0197759825599548,0.0197759825599551,1.57893659508031e-14,0.00252573217830633,0.00252573217831464,8.3175653864398e-15,"***","***"
"log_miles","do_precip_bin::4-6",-0.079448042511736,-0.0794480425116555,1.0133043499623e-12,0.0106771004134357,0.0106771004132976,1.29302865468875e-11,4.41709586539116e-10,4.41709586384973e-10,1.5414319429409e-19,"***","***"
"log_miles","do_precip_bin::6-10",-0.0913632348110787,-0.0913632348110132,7.1619365983647e-13,0.0113335027402227,0.0113335027400918,1.15494121811748e-11,3.85127057442125e-11,3.8512705731008e-11,1.32045232250798e-20,"***","***"
"log_miles","do_precip_bin::10-15",-0.107844480590668,-0.107844480590596,6.64134710314773e-13,0.012122709442862,0.0121227094429942,1.09005578438422e-11,1.47703531800486e-12,1.47703531859475e-12,5.89898118507866e-22,"***","***"
"log_miles","do_precip_bin::15-25",-0.126773036123507,-0.12677303612348,2.10619423173095e-13,0.015748174219689,0.0157481742195786,7.01173904983687e-12,4.02640237023298e-11,4.02640236936745e-11,8.65531419937371e-21,"***","***"
"log_miles","do_precip_bin::25-40",-0.146276921203777,-0.146276921203801,1.67356664957976e-13,0.0248074397643507,0.0248074397644969,5.89447287076045e-12,1.82820276948534e-07,1.82820276972195e-07,2.36610183486016e-17,"***","***"
"log_miles","do_precip_bin::ge40",-0.116819065848295,-0.116819065848378,7.10051369825416e-13,0.0357238919230648,0.035723891923132,1.88040631262672e-12,0.00178369501422651,0.00178369501424695,2.04458845687316e-14,"***","***"
"log_miles","pu_rain6h_bin::0.1-0.5",0.00667002766500088,0.00667002766499882,3.08191723074697e-13,0.00508678112023522,0.00508678112024457,1.83812892957396e-12,0.194770284702743,0.194770284703688,9.44799793956008e-13,"",""
"log_miles","pu_rain6h_bin::0.5-1",0.00272504034315305,0.00272504034314503,2.94007404107959e-12,0.00626414871186676,0.0062641487118637,4.88779413761177e-13,0.665107483575369,0.665107483576139,7.69828645275084e-13,"",""
"log_miles","pu_rain6h_bin::1-2",0.000401407068817636,0.000401407068808598,2.25155708803553e-11,0.0112234211188171,0.0112234211188209,3.41429241393077e-13,0.971588365400704,0.971588365401353,6.49147402498329e-13,"",""
"log_miles","pu_rain6h_bin::2-5",-0.00424903590594762,-0.00424903590595962,2.82558713152552e-12,0.0131768781645659,0.0131768781645731,5.43973869471707e-13,0.748224057638523,0.748224057637968,5.54556400800266e-13,"",""
"log_miles","pu_rain6h_bin::5-10",-0.00512217111972233,-0.0051221711197408,3.60530687707914e-12,0.0152647850860769,0.0152647850860759,6.26168419583608e-14,0.738377156853771,0.738377156852847,9.2370555648813e-13,"",""
"log_miles","pu_rain6h_bin::10-20",0.000507916134395473,0.000507916134363573,6.28053094586275e-11,0.0258811254745839,0.0258811254745675,6.36752564642655e-13,0.984407667251534,0.984407667252503,9.69224700497762e-13,"",""
"log_miles","pu_rain6h_bin::20-35",0.0074275556958724,0.00742755569587209,4.25065372183246e-14,0.0381222574000464,0.0381222574000208,6.72006277707844e-13,0.846180245878336,0.84618024587824,9.54791801177635e-14,"",""
"log_miles","pu_rain6h_bin::35-50",0.011218651228727,0.011218651228719,7.1438377890657e-13,0.0619087248476136,0.0619087248475615,8.41516531939095e-13,0.856811339584668,0.85681133958465,1.79856129989275e-14,"",""
"log_miles","pu_rain6h_bin::50-75",-0.0161475220599879,-0.0161475220599723,9.6815647053618e-13,0.102651601990152,0.10265160199012,3.16487036034862e-13,0.875533324099502,0.875533324099583,8.03801469828613e-14,"",""
"log_miles","pu_rain6h_bin::ge75",0.0241839364356531,0.0241839364356797,1.09833591131168e-12,0.163587656672855,0.163587656672784,4.31295824207722e-13,0.882968893528715,0.882968893528537,1.77746706242488e-13,"",""
"log_miles","do_rain6h_bin::0.1-0.5",0.00241344846170473,0.00241344846170799,1.35129470820885e-12,0.00299988681760072,0.00299988681759874,6.59942620282561e-13,0.42427703135365,0.424277031352723,9.26925203259543e-13,"",""
"log_miles","do_rain6h_bin::0.5-1",-0.00541990975372301,-0.00541990975371684,1.13863127731017e-12,0.00703034709644834,0.00703034709644418,5.92441739885711e-13,0.443773405987854,0.443773405988101,2.47690756793872e-13,"",""
"log_miles","do_rain6h_bin::1-2",-0.000832574669003036,-0.000832574668993699,1.12147888436552e-11,0.00988690097004815,0.0098869009700485,3.59686330077112e-14,0.933169913539032,0.933169913539782,7.50066675436756e-13,"",""
"log_miles","do_rain6h_bin::2-5",-0.000504420557178366,-0.000504420557166133,2.4250404581598e-11,0.0139651410848864,0.0139651410849151,2.05195901176203e-12,0.97130659844824,0.971306598448995,7.54396545232794e-13,"",""
"log_miles","do_rain6h_bin::5-10",0.00256270981550447,0.002562709815524,7.62031245701717e-12,0.0165666146171006,0.0165666146171041,2.14450191599995e-13,0.877583945607919,0.87758394560702,8.99169627643914e-13,"",""
"log_miles","do_rain6h_bin::10-20",-0.00195378102945538,-0.00195378102942156,1.73127758679797e-11,0.0276349270187411,0.0276349270187556,5.26287679816428e-13,0.943871885224736,0.943871885225736,9.99533789070028e-13,"",""
"log_miles","do_rain6h_bin::20-35",0.00735508964748059,0.00735508964747181,1.19341859979223e-12,0.0452711160258847,0.0452711160258962,2.54588439299795e-13,0.871483570144016,0.8714835701442,1.84408044390239e-13,"",""
"log_miles","do_rain6h_bin::35-50",0.0255023842882826,0.0255023842882707,4.65270558295725e-13,0.0616420120885608,0.0616420120885475,2.15679538506717e-13,0.680556053286816,0.680556053286891,7.50510764646606e-14,"",""
"log_miles","do_rain6h_bin::50-75",0.0328611918756616,0.0328611918756441,5.31906262258493e-13,0.114522130265915,0.114522130265918,3.34456705098229e-14,0.775145452761787,0.775145452761911,1.23678844943242e-13,"",""
"log_miles","do_rain6h_bin::ge75",0.124967772284238,0.124967772284208,2.46310971181605e-13,0.190160694675752,0.190160694675772,1.0669568603344e-13,0.513585130103373,0.513585130103521,1.48103751484996e-13,"",""
"log_minutes","pu_precip_bin::0.1-0.25",0.0134240366582319,0.0134240366582317,2.19682796184273e-14,0.00855579470930945,0.00855579470932619,1.95678096956155e-12,0.121907289234456,0.12190728923518,7.23629489662869e-13,"",""
"log_minutes","pu_precip_bin::0.25-0.5",0.0100471522642253,0.010047152264221,4.32854170007862e-13,0.00829252325665273,0.00829252325674982,1.17084354116859e-11,0.230418843143259,0.230418843148851,5.59205459715884e-12,"",""
"log_minutes","pu_precip_bin::0.5-1",0.00924276163485252,0.00924276163484598,7.07195350882259e-13,0.00735620110609675,0.00735620110626379,2.27081970804847e-11,0.213819736326044,0.21381973633663,1.05868092070693e-11,"",""
"log_minutes","pu_precip_bin::1-2",0.00582951094577753,0.00582951094576397,2.32555768242932e-12,0.00787278844277941,0.00787278844286785,1.12338096747462e-11,0.461906801726446,0.461906801732491,6.04483130217659e-12,"",""
"log_minutes","pu_precip_bin::2-4",-0.0139645568533503,-0.0139645568533688,1.32558694175157e-12,0.0184480528411317,0.0184480528413326,1.08914519629143e-11,0.452032335969125,0.452032335973431,4.30544488949636e-12,"",""
"log_minutes","pu_precip_bin::4-6",-0.0064210117895408,-0.00642101178955316,1.92559085394686e-12,0.0207527994782118,0.020752799478642,2.07284447853607e-11,0.758085726406027,0.75808572641043,4.40314451566337e-12,"",""
"log_minutes","pu_precip_bin::6-10",-0.0042023832126453,-0.00420238321266135,3.81897447850718e-12,0.0190033288226066,0.0190033288226101,1.80197068289666e-13,0.825734806865202,0.825734806864578,6.23723295234413e-13,"",""
"log_minutes","pu_precip_bin::10-15",0.00669726821412423,0.00669726821408703,5.55467449606798e-12,0.0143180850694954,0.0143180850690641,3.01165009616477e-11,0.641658737586047,0.641658737577878,8.16935408209929e-12,"",""
"log_minutes","pu_precip_bin::15-25",0.0556583174663305,0.0556583174663073,4.17268774077238e-13,0.0300642097022589,0.0300642097025579,9.94631710939211e-12,0.0690474389030095,0.0690474389058104,2.80087064652434e-12,"*","*"
"log_minutes","pu_precip_bin::25-40",0.0192566780816444,0.0192566780816095,1.8139365348567e-12,0.0225928019855138,0.0225928019851263,1.71518994946297e-11,0.397416637086747,0.397416637079551,7.19568848950303e-12,"",""
"log_minutes","pu_precip_bin::ge40",0.1394190402584,0.139419040258171,1.6372358713693e-12,0.0516581363507599,0.0516581363510197,5.03014079232643e-12,0.00902372626270102,0.00902372626313511,4.34090263734532e-13,"***","***"
"log_minutes","do_precip_bin::0.1-0.25",-0.00769616976889127,-0.00769616976888079,1.36085784237044e-12,0.0076514904460303,0.00765149044608806,7.54933827236004e-12,0.318532193566243,0.318532193570519,4.27613500164625e-12,"",""
"log_minutes","do_precip_bin::0.25-0.5",-0.00676146174470213,-0.00676146174468969,1.83940994279243e-12,0.00831665791846349,0.00831665791842991,4.03714727799388e-12,0.419431157617215,0.419431157616199,1.01640917904433e-12,"",""
"log_minutes","do_precip_bin::0.5-1",-0.0179069402466941,-0.0179069402466821,6.73083092088386e-13,0.00916644537314727,0.0091664453730684,8.60430999674211e-12,0.0554238799637676,0.0554238799618905,1.87705406773375e-12,"*","*"
"log_minutes","do_precip_bin::1-2",-0.0317049440580786,-0.0317049440580604,5.75597639719726e-13,0.0113077512453117,0.0113077512452828,2.55688647078197e-12,0.00679367824815932,0.00679367824805606,1.03262884354471e-13,"***","***"
"log_minutes","do_precip_bin::2-4",-0.0640388066717482,-0.0640388066717383,1.54513539855467e-13,0.0211375047124933,0.0211375047124712,1.04637347783211e-12,0.0036088541546645,0.00360885415463656,2.79424920701654e-14,"***","***"
"log_minutes","do_precip_bin::4-6",-0.0770126945122183,-0.0770126945121929,3.29768382331711e-13,0.0299781391772192,0.029978139177253,1.12596212847017e-12,0.0127051811591368,0.01270518115926,1.23219143222109e-13,"**","**"
"log_minutes","do_precip_bin::6-10",-0.0809225782311846,-0.0809225782311689,1.94474913158377e-13,0.0250243172497076,0.0250243172496986,3.5686713708175e-13,0.00198784608629984,0.00198784608629673,3.10558870286748e-15,"***","***"
"log_minutes","do_precip_bin::10-15",-0.0866994195375174,-0.0866994195374692,5.56075635817664e-13,0.0268793806704852,0.0268793806705947,4.07295093257519e-12,0.00203727170609254,0.00203727170618293,9.03925372053305e-14,"***","***"
"log_minutes","do_precip_bin::15-25",-0.0313991184005294,-0.031399118400511,5.88717591500823e-13,0.0287591265988665,0.0287591265988712,1.65756776221854e-13,0.279287256962373,0.279287256962732,3.59268170768701e-13,"",""
"log_minutes","do_precip_bin::25-40",-0.10080334555466,-0.100803345554622,3.70062059172211e-13,0.0742841264588272,0.0742841264586526,2.34982658298391e-12,0.179865405945056,0.179865405944207,8.4890428020401e-13,"",""
"log_minutes","do_precip_bin::ge40",-0.155227545303863,-0.155227545303654,1.34640719839099e-12,0.0211661097887028,0.0211661097888176,5.42542894320641e-12,6.73495883479709e-10,6.73495883611309e-10,1.31600196156547e-19,"***","***"
"log_minutes","pu_rain6h_bin::0.1-0.5",-0.0134760727938221,-0.0134760727938267,3.4550108779883e-13,0.0073540987892387,0.00735409878932261,1.14092980650226e-11,0.0718469119824126,0.0718469119854729,3.06031588959144e-12,"*","*"
"log_minutes","pu_rain6h_bin::0.5-1",-0.0156406689185467,-0.0156406689185472,2.90587028644907e-14,0.00868002103197939,0.00868002103207255,1.07324763112541e-11,0.0765828170445003,0.0765828170475715,3.07115444186934e-12,"*","*"
"log_minutes","pu_rain6h_bin::1-2",-0.0139690083618339,-0.0139690083618377,2.70223782959349e-13,0.0143496448193838,0.014349644819443,4.13164541594594e-12,0.334226099452722,0.334226099454574,1.85196302737722e-12,"",""
"log_minutes","pu_rain6h_bin::2-5",-0.0149032076474659,-0.0149032076474668,5.90144634044464e-14,0.0170472924191546,0.0170472924192038,2.88345639921371e-12,0.385480384246987,0.385480384248321,1.33393296408713e-12,"",""
"log_minutes","pu_rain6h_bin::5-10",-0.0195972799877913,-0.019597279987781,5.27747798174891e-13,0.0176611901659738,0.0176611901661122,7.83362473326416e-12,0.27158868578966,0.271588685793628,3.96760402310292e-12,"",""
"log_minutes","pu_rain6h_bin::10-20",-0.0206961152048768,-0.0206961152048707,2.95712715292774e-13,0.0282867316351428,0.0282867316354542,1.10075985506643e-11,0.467227578929509,0.467227578934521,5.01176877776288e-12,"",""
"log_minutes","pu_rain6h_bin::20-35",-0.0396165416817345,-0.0396165416817564,5.53128214082407e-13,0.0353181608536943,0.0353181608538473,4.33133694699557e-12,0.266457224561178,0.266457224562966,1.78823622576374e-12,"",""
"log_minutes","pu_rain6h_bin::35-50",-0.030993017529496,-0.0309930175295229,8.65094404543884e-13,0.0573331781862167,0.0573331781859681,4.33702213819177e-12,0.590800128134478,0.590800128132552,1.9266810369345e-12,"",""
"log_minutes","pu_rain6h_bin::50-75",0.049748205951841,0.0497482059517236,2.3588905661539e-12,0.108265691527044,0.108265691526584,4.24733350451162e-12,0.64753494661253,0.64753494661191,6.19504447740837e-13,"",""
"log_minutes","pu_rain6h_bin::ge75",0.0744098511644062,0.0744098511642624,1.93368084655231e-12,0.161868530411902,0.161868530410712,7.34765533287294e-12,0.647397886052945,0.647397886051168,1.77635683940025e-12,"",""
"log_minutes","do_rain6h_bin::0.1-0.5",-0.00945693337474187,-0.00945693337474047,1.48031268661813e-13,0.00550901816825383,0.00550901816829781,7.98272459744442e-12,0.0912061129474029,0.0912061129499725,2.56955567934369e-12,"*","*"
"log_minutes","do_rain6h_bin::0.5-1",-0.00668976079515368,-0.00668976079515487,1.77886824500838e-13,0.00726363333448178,0.00726363333450912,3.76397156686641e-12,0.360742079995741,0.360742079997452,1.71040959173752e-12,"",""
"log_minutes","do_rain6h_bin::1-2",-0.00704628708536597,-0.00704628708536717,1.71348048220654e-13,0.00970044892608984,0.00970044892612094,3.20569215582634e-12,0.47042545930692,0.470425459308261,1.34092736914226e-12,"",""
"log_minutes","do_rain6h_bin::2-5",0.00585489610009663,0.00585489610009433,3.91690031049994e-13,0.0140925102902928,0.014092510290327,2.42658001857101e-12,0.679286136162591,0.679286136163443,8.5220719370227e-13,"",""
"log_minutes","do_rain6h_bin::5-10",0.00318777243540072,0.00318777243538639,4.49493061438283e-12,0.0162512692605499,0.0162512692607106,9.8859773614187e-12,0.845151480634531,0.845151480636729,2.19801954415288e-12,"",""
"log_minutes","do_rain6h_bin::10-20",-0.0100196977816009,-0.0100196977816049,3.94739403466836e-13,0.022619661349323,0.0226196613495913,1.18579557718958e-11,0.659384707782592,0.659384707786244,3.65218966180691e-12,"",""
"log_minutes","do_rain6h_bin::20-35",-0.0294467844979691,-0.0294467844979791,3.39324221370097e-13,0.0401515090806392,0.0401515090808611,5.52619354653928e-12,0.466175506125462,0.466175506127765,2.30238050846765e-12,"",""
"log_minutes","do_rain6h_bin::35-50",-0.0331178309505816,-0.0331178309505492,9.78045838562689e-13,0.0637620363355858,0.0637620363356762,1.41777011801066e-12,0.605394509502671,0.605394509503533,8.62310223226359e-13,"",""
"log_minutes","do_rain6h_bin::50-75",0.0510624883816828,0.0510624883817871,2.04270211792009e-12,0.106065053970649,0.106065053970439,1.97715688356616e-12,0.631964894701002,0.631964894699635,1.36712863252342e-12,"",""
"log_minutes","do_rain6h_bin::ge75",0.115597429450541,0.11559742945068,1.20821074622254e-12,0.179211584673335,0.17921158467264,3.87809535126977e-12,0.521364528473027,0.521364528470916,2.1112001036272e-12,"",""
