"term","feols_est","fwl_est","rel_diff_est","feols_se","fwl_se","rel_diff_se","feols_p","fwl_p","abs_diff_p","stars_feols","stars_fwl"
"pu_precip_bin::0.1-0.25",0.000762155803883809,0.000762155803888075,5.59700972675994e-12,0.00838882274858611,0.00838882274858461,1.79700387742478e-13,0.928212741890538,0.928212741890124,4.13447054370408e-13,"",""
"pu_precip_bin::0.25-0.5",0.0222053608932967,0.022205360893302,2.36709151338155e-13,0.0279917953506318,0.0279917953506376,2.07360216731771e-13,0.433843713893328,0.433843713893315,1.34336985979644e-14,"",""
"pu_precip_bin::0.5-1",0.00727052576708551,0.00727052576709314,1.05066058097832e-12,0.0138599278378349,0.0138599278378361,8.67366253935504e-14,0.603735964575798,0.603735964575451,3.47055717497824e-13,"",""
"pu_precip_bin::1-2",-0.0270004530046657,-0.0270004530046632,9.20030496217797e-14,0.0127456716309198,0.0127456716309172,2.03065597569503e-13,0.0425348423431492,0.0425348423431278,2.14411821630733e-14,"**","**"
"pu_precip_bin::2-4",0.0170592172142032,0.0170592172142189,9.24143631663912e-13,0.0141615431225521,0.0141615431225381,9.90620063705056e-13,0.237769296505666,0.237769296504788,8.77714567693033e-13,"",""
"pu_precip_bin::4-6",-0.0107399188478798,-0.0107399188478725,6.78388608172854e-13,0.0153023336023848,0.0153023336023796,3.42243889726583e-13,0.488183395947224,0.488183395947369,1.44995127016045e-13,"",""
"pu_precip_bin::6-10",-0.00336857997627007,-0.00336857997625291,5.09513034935243e-12,0.0147847207968347,0.0147847207968407,4.09489297387017e-13,0.821314860002581,0.821314860003547,9.66116076028811e-13,"",""
"pu_precip_bin::10-15",-0.0223090807377802,-0.0223090807377627,7.84740058334646e-13,0.0145151865826917,0.0145151865826959,2.89096944395581e-13,0.134787400983034,0.134787400983438,4.03371780421935e-13,"",""
"pu_precip_bin::15-25",-0.0106273870545677,-0.0106273870545467,1.97885450029111e-12,0.019850126552806,0.0198501265528453,1.9827282268585e-12,0.596333095785518,0.596333095786967,1.44839695792598e-12,"",""
"pu_precip_bin::25-40",0.00656760560525554,0.00656760560527682,3.24104790868379e-12,0.0160647452839737,0.0160647452839977,1.49621597219556e-12,0.685574857235068,0.68557485723455,5.17808018685173e-13,"",""
"pu_precip_bin::ge40",0.0743258468611305,0.0743258468611444,1.85968639986149e-13,0.0228280976026551,0.022828097602684,1.2643335286049e-12,0.00280288678051158,0.00280288678053711,2.55216854594398e-14,"***","***"
"do_precip_bin::0.1-0.25",0.00280400649745649,0.00280400649745451,7.05580435047566e-13,0.00770030070573889,0.00770030070573408,6.24476063879415e-13,0.71830567001014,0.718305670010162,2.19824158875781e-14,"",""
"do_precip_bin::0.25-0.5",-0.00441201006375774,-0.00441201006376056,6.37348218594817e-13,0.011265795982256,0.0112657959822556,3.34139722466007e-14,0.698100582719473,0.698100582719281,1.9195756095769e-13,"",""
"do_precip_bin::0.5-1",0.00449652300097226,0.00449652300096781,9.9013566707694e-13,0.00910067109318575,0.00910067109318312,2.88781567776105e-13,0.624843252642913,0.624843252643155,2.41695552460897e-13,"",""
"do_precip_bin::1-2",0.0102860974620885,0.0102860974620864,1.99172565949287e-13,0.0149321376298418,0.0149321376298395,1.54743528842333e-13,0.496207027829977,0.496207027829997,1.90958360235527e-14,"",""
"do_precip_bin::2-4",0.0138204074583628,0.0138204074583584,3.19571328352149e-13,0.00983670257082368,0.00983670257082597,2.33666575676162e-13,0.170296894994293,0.170296894994522,2.29150032282632e-13,"",""
"do_precip_bin::4-6",-0.0115767720641022,-0.011576772064105,2.37055072329277e-13,0.0141864136649281,0.0141864136649494,1.50539672796569e-12,0.420906133693077,0.42090613369366,5.82756065625745e-13,"",""
"do_precip_bin::6-10",0.012907161226097,0.0129071612260895,5.82893138430752e-13,0.0133883518118565,0.0133883518118743,1.32912502350075e-12,0.342723647024538,0.342723647025447,9.08939590260616e-13,"",""
"do_precip_bin::10-15",0.0153004185334037,0.0153004185333928,7.11670679787876e-13,0.0104385840914379,0.0104385840914469,8.68144123678229e-13,0.153118414863689,0.153118414864317,6.27303764488829e-13,"",""
"do_precip_bin::15-25",0.0193441785554322,0.0193441785554252,3.61935448898981e-13,0.0110386513277021,0.0110386513277289,2.43032393718753e-12,0.0899208992258093,0.0899208992266642,8.54857851173563e-13,"*","*"
"do_precip_bin::25-40",0.027651239960464,0.0276512399604668,1.03012232059995e-13,0.0169381944387166,0.0169381944387628,2.72587495695893e-12,0.113032662873706,0.113032662874612,9.05914232518512e-13,"",""
"do_precip_bin::ge40",0.128589463950845,0.128589463950825,1.47854798616889e-13,0.0201048922243815,0.0201048922244521,3.5136427790973e-12,4.63590041757011e-07,4.63590041787037e-07,3.00259415516257e-17,"***","***"
"pu_rain6h_bin::0.1-0.5",0.0126400501515527,0.0126400501515556,2.28916714984227e-13,0.00867095818419979,0.00867095818421121,1.31800407947532e-12,0.155300372593584,0.155300372594019,4.34874358745674e-13,"",""
"pu_rain6h_bin::0.5-1",0.00791868574526955,0.00791868574527769,1.02764373881972e-12,0.00782752271400195,0.00782752271408353,1.04220509969051e-11,0.319797322082154,0.319797322086625,4.47097914246797e-12,"",""
"pu_rain6h_bin::1-2",0.016201303546915,0.016201303546931,9.88284531358883e-13,0.0105827488804581,0.0105827488804993,3.88932822458885e-12,0.136268010838049,0.136268010839144,1.09509623591464e-12,"",""
"pu_rain6h_bin::2-5",0.0345122876483214,0.0345122876483399,5.37824133308493e-13,0.0195476279898256,0.0195476279898775,2.65449335543045e-12,0.0876492741048089,0.0876492741054478,6.38905595096162e-13,"*","*"
"pu_rain6h_bin::5-10",0.0113564232746314,0.0113564232746485,1.51408402787279e-12,0.0123340800993299,0.0123340800993994,5.63099341404931e-12,0.364533788396441,0.364533788398389,1.94744220749499e-12,"",""
"pu_rain6h_bin::10-20",0.0270907286729099,0.0270907286729279,6.63902887813895e-13,0.0191441137983009,0.0191441137982541,2.44512641164475e-12,0.167337941945019,0.16733794194374,1.27867161303641e-12,"",""
"pu_rain6h_bin::20-35",0.00182901851203073,0.00182901851206199,1.70909790313685e-11,0.0163937203608321,0.0163937203608541,1.34661873384306e-12,0.911908888169267,0.911908888167886,1.38100642033123e-12,"",""
"pu_rain6h_bin::35-50",0.0238228592281543,0.0238228592282032,2.05403891034724e-12,0.0172103782609512,0.0172103782610024,2.9793044479017e-12,0.176504151686482,0.17650415168687,3.88244991711417e-13,"",""
"pu_rain6h_bin::50-75",-0.0499900400642071,-0.0499900400641247,1.64734400584196e-12,0.0184324355507866,0.0184324355508725,4.66271207931213e-12,0.0109610056520214,0.0109610056524739,4.52457515898175e-13,"**","**"
"pu_rain6h_bin::ge75",-0.0508515425268763,-0.0508515425267312,2.85243339650147e-12,0.0248214838715984,0.0248214838717125,4.59625317774139e-12,0.0493287814528188,0.0493287814544051,1.58635604652346e-12,"**","**"
"do_rain6h_bin::0.1-0.5",0.00146975622183862,0.00146975622183304,3.79755002974108e-12,0.00610447678691722,0.00610447678693667,3.18599823208365e-12,0.811373609165648,0.81137360916694,1.29118937763906e-12,"",""
"do_rain6h_bin::0.5-1",0.000305260452522635,0.000305260452512265,3.39715703547298e-11,0.00814517875229437,0.00814517875233587,5.09501276495661e-12,0.970352608279607,0.970352608280765,1.15774057007911e-12,"",""
"do_rain6h_bin::1-2",0.00624916325762981,0.00624916325761688,2.06862243952356e-12,0.0170124920383394,0.017012492038396,3.32618405691767e-12,0.715953089066212,0.715953089067674,1.46260781264118e-12,"",""
"do_rain6h_bin::2-5",-0.0142407535079573,-0.0142407535079806,1.63169883866927e-12,0.0171612905964632,0.0171612905965312,3.963484395927e-12,0.413196267554057,0.413196267555134,1.07702735618886e-12,"",""
"do_rain6h_bin::5-10",-0.0224381253554729,-0.022438125355494,9.43508647243441e-13,0.0157312084967524,0.015731208496832,5.06328316348961e-12,0.164093336019467,0.164093336021149,1.68159930424849e-12,"",""
"do_rain6h_bin::10-20",-0.0347104017324631,-0.0347104017324861,6.62295863955515e-13,0.0220650524840609,0.022065052484147,3.90199822193377e-12,0.126185497690013,0.126185497691194,1.18036136420585e-12,"",""
"do_rain6h_bin::20-35",-0.0513518607556465,-0.0513518607556866,7.80614168464466e-13,0.0157908957046254,0.0157908957046936,4.3179970422306e-12,0.00283138055877336,0.00283138055885778,8.44255221288392e-14,"***","***"
"do_rain6h_bin::35-50",-0.0498325457258353,-0.0498325457258983,1.26322355359041e-12,0.0166433348083482,0.0166433348084401,5.52269476980073e-12,0.00546991334198747,0.00546991334216281,1.75338042696094e-13,"***","***"
"do_rain6h_bin::50-75",-0.0820162525671058,-0.0820162525672004,1.1536586263346e-12,0.0178281501992797,0.0178281501994077,7.17936720976495e-12,7.18294256293243e-05,7.18294256349171e-05,5.59274848654923e-15,"***","***"
"do_rain6h_bin::ge75",-0.0773085920590353,-0.0773085920591941,2.05433056588782e-12,0.0208892265447167,0.020889226544948,1.10715828931768e-11,0.000862541877245042,0.000862541877322692,7.76499090721083e-14,"***","***"
