month,n_raw,n_filtered,sum_n_trips,n_cells,median_driver_share,peak_pu_precip_mm,peak_pu_precip_hour,cells_spring_fwd_hour,cells_fall_back_hour,build_seconds,nan_pu_precip_mm,nan_pu_temp_c,nan_do_precip_mm,nan_do_temp_c,file_mb,do265_trips,do265_cells
01,11908468,11802629,11802629,7657591,0.775886524822695,8.75819206237793,2021-01-16 03:00:00-05:00,0,0,40.0,0.0018178040587438,0.0,0.0017868196893263,0.0,197.8,367566.0,213639.0
02,11613942,11487978,11487978,7344748,0.7906584130557119,11.543936729431152,2021-02-18 12:00:00-05:00,0,0,36.9,0.0018301512863341,0.0,0.0015839825711525,0.0,191.4,355074.0,200730.0
03,14227393,14084025,14084025,8917138,0.7957506203473945,9.849454879760742,2021-03-24 18:00:00-04:00,68,0,41.3,0.0089082393925046,7.625765127779788e-06,0.0089579874436644,0.0,230.7,457180.0,245659.0
04,14111371,13964166,13964166,8790327,0.7717344753747323,13.313288688659668,2021-04-21 14:00:00-04:00,0,0,41.3,0.0,0.0,0.0,0.0,229.4,462245.0,236083.0
05,14719171,14572569,14572569,9172969,0.7917906008328377,10.186166763305664,2021-05-28 20:00:00-04:00,0,0,47.6,0.0032771287028223,0.0,0.003121880892892,0.0,240.6,515709.0,250143.0
06,14961892,14802460,14802460,9272075,0.7927424982554082,31.904741287231445,2021-06-08 16:00:00-04:00,0,0,50.4,0.007166572746661346,0.0,0.0072842524656188,0.0,242.1,544640.0,251520.0
07,15027174,14882780,14882780,9348782,0.775,62.252235412597656,2021-07-08 15:00:00-04:00,0,0,186.7,0.0119048663237628,0.0,0.0120736714407222,0.0,247.1,564007.0,258258.0
08,14499696,14364514,14364514,9148894,0.7736981842520689,61.821170806884766,2021-08-27 17:00:00-04:00,0,0,159.6,0.0,0.0,0.0,0.0,239.4,547539.0,255779.0
09,14886055,14747839,14747839,9174328,0.8046728971962616,80.71929168701172,2021-09-01 21:00:00-04:00,0,0,160.2,0.0094586764283988,0.0,0.0097107034542814,0.0,239.9,564750.0,253862.0
10,16545356,16436978,16436978,9800014,0.831727681438664,19.797536849975582,2021-10-26 06:00:00-04:00,0,0,185.4,0.0,0.0,0.0,0.0,258.4,633524.0,268762.0
11,16041639,15940790,15940790,9390512,0.8002207505518764,14.944244384765623,2021-11-13 14:00:00-05:00,0,28362,174.6,0.0,0.0,0.0,0.0,244.2,639155.0,260517.0
12,16054495,15956380,15956380,9439639,0.7879008746355685,7.388638496398926,2021-12-06 03:00:00-05:00,0,0,188.6,0.0,0.0,0.0,0.0,245.5,637576.0,263108.0
