month,rule,n_dropped,n_raw,share_dropped
01,do_zone_ne_264,0,11908468,0.0
01,driver_pay_gt_0,91963,11908468,0.0077224878968478
01,fare_gt_0,15947,11908468,0.0013391311124151
01,fare_le_1000,8,11908468,6.717908634427199e-07
01,in_month,0,11908468,0.0
01,miles_gt_0,2456,11908468,0.0002062397950769
01,miles_le_100,1019,11908468,8.556936123101645e-05
01,not_aar,0,11908468,0.0
01,pu_zone_le_263,868,11908468,7.288930868353511e-05
01,time_gt_60s,1228,11908468,0.0001031198975384
01,time_le_21600s,52,11908468,4.36664061237768e-06
02,do_zone_ne_264,0,11613942,0.0
02,driver_pay_gt_0,99625,11613942,0.0085780521376807
02,fare_gt_0,29472,11613942,0.0025376396747977
02,fare_le_1000,7,11613942,6.027238641281315e-07
02,in_month,0,11613942,0.0
02,miles_gt_0,2792,11613942,0.0002404007183779
02,miles_le_100,959,11613942,8.257316938555401e-05
02,not_aar,0,11613942,0.0
02,pu_zone_le_263,953,11613942,8.205654893058705e-05
02,time_gt_60s,1308,11613942,0.0001126232591827
02,time_le_21600s,41,11613942,3.530239775607628e-06
03,do_zone_ne_264,0,14227393,0.0
03,driver_pay_gt_0,118892,14227393,0.0083565555544856
03,fare_gt_0,29011,14227393,0.0020390945832451
03,fare_le_1000,3,14227393,2.1086083725950362e-07
03,in_month,0,14227393,0.0
03,miles_gt_0,3211,14227393,0.0002256913828134
03,miles_le_100,1330,14227393,9.348163785171324e-05
03,not_aar,0,14227393,0.0
03,pu_zone_le_263,1248,14227393,8.771810829995348e-05
03,time_gt_60s,1847,14227393,0.0001298199888061
03,time_le_21600s,58,14227393,4.076642853683736e-06
04,do_zone_ne_264,0,14111371,0.0
04,driver_pay_gt_0,113366,14111371,0.0080336630650558
04,fare_gt_0,34731,14111371,0.0024612066396666
04,fare_le_1000,11,14111371,7.795132025088137e-07
04,in_month,0,14111371,0.0
04,miles_gt_0,7489,14111371,0.0005307067612353
04,miles_le_100,1340,14111371,9.495888103289185e-05
04,not_aar,0,14111371,0.0
04,pu_zone_le_263,1153,14111371,8.170715659024202e-05
04,time_gt_60s,1746,14111371,0.0001237300046891
04,time_le_21600s,58,14111371,4.110160522319199e-06
05,do_zone_ne_264,0,14719171,0.0
05,driver_pay_gt_0,114254,14719171,0.0077622578065028
05,fare_gt_0,28419,14719171,0.0019307473226583
05,fare_le_1000,9,14719171,6.114474789375027e-07
05,in_month,0,14719171,0.0
05,miles_gt_0,7912,14719171,0.0005375302725948
05,miles_le_100,1753,14719171,0.0001190963811752
05,not_aar,0,14719171,0.0
05,pu_zone_le_263,1102,14719171,7.486834686545865e-05
05,time_gt_60s,1440,14719171,9.783159663000044e-05
05,time_le_21600s,72,14719171,4.891579831500021e-06
06,do_zone_ne_264,68,14961892,4.544879751838872e-06
06,driver_pay_gt_0,117316,14961892,0.007840986955393075
06,fare_gt_0,49385,14961892,0.0033007189197729807
06,fare_le_1000,9,14961892,6.015282024492625e-07
06,in_month,0,14961892,0.0
06,miles_gt_0,6190,14961892,0.0004137177303512149
06,miles_le_100,2029,14961892,0.00013561119141883928
06,not_aar,0,14961892,0.0
06,pu_zone_le_263,1376,14961892,9.196697850779834e-05
06,time_gt_60s,1464,14961892,9.784858759841336e-05
06,time_le_21600s,136,14961892,9.089759503677744e-06
07,do_zone_ne_264,0,15027174,0.0
07,driver_pay_gt_0,110079,15027174,0.0073253294331988
07,fare_gt_0,30912,15027174,0.002057073405818
07,fare_le_1000,17,15027174,1.131283899421142e-06
07,in_month,0,15027174,0.0
07,miles_gt_0,5585,15027174,0.0003716600340157
07,miles_le_100,2264,15027174,0.0001506603969582
07,not_aar,0,15027174,0.0
07,pu_zone_le_263,1098,15027174,7.306763068025964e-05
07,time_gt_60s,1599,15027174,0.0001064072326573
07,time_le_21600s,78,15027174,5.190596714991122e-06
08,do_zone_ne_264,1,14499696,6.896696316943472e-08
08,driver_pay_gt_0,104106,14499696,0.0071798746677171
08,fare_gt_0,29113,14499696,0.0020078351987517
08,fare_le_1000,19,14499696,1.31037230021926e-06
08,in_month,0,14499696,0.0
08,miles_gt_0,3523,14499696,0.0002429706112459
08,miles_le_100,2358,14499696,0.0001626240991535
08,not_aar,0,14499696,0.0
08,pu_zone_le_263,1014,14499696,6.993250065380682e-05
08,time_gt_60s,1636,14499696,0.0001128299517451
08,time_le_21600s,80,14499696,5.517357053554778e-06
09,do_zone_ne_264,0,14886055,0.0
09,driver_pay_gt_0,101351,14886055,0.0068084526088342
09,fare_gt_0,41152,14886055,0.0027644664755034
09,fare_le_1000,15,14886055,1.0076544793096626e-06
09,in_month,0,14886055,0.0
09,miles_gt_0,3450,14886055,0.0002317605302412
09,miles_le_100,1750,14886055,0.0001175596892527
09,not_aar,0,14886055,0.0
09,pu_zone_le_263,798,14886055,5.360721829927405e-05
09,time_gt_60s,1711,14886055,0.0001149397876065
09,time_le_21600s,86,14886055,5.777219014708732e-06
10,do_zone_ne_264,0,16545356,0.0
10,driver_pay_gt_0,70428,16545356,0.0042566627155076
10,fare_gt_0,36973,16545356,0.0022346451777767
10,fare_le_1000,8,16545356,4.835193633790654e-07
10,in_month,0,16545356,0.0
10,miles_gt_0,3615,16545356,0.0002184903123269
10,miles_le_100,1422,16545356,8.594556684062887e-05
10,not_aar,0,16545356,0.0
10,pu_zone_le_263,874,16545356,5.28244904491629e-05
10,time_gt_60s,1699,16545356,0.0001026874247976
10,time_le_21600s,182,16545356,1.1000065516873735e-05
11,do_zone_ne_264,0,16041639,0.0
11,driver_pay_gt_0,55977,16041639,0.0034894813428976
11,fare_gt_0,39732,16041639,0.0024768042716832
11,fare_le_1000,13,16041639,8.103910080509853e-07
11,in_month,0,16041639,0.0
11,miles_gt_0,3488,16041639,0.000217434141237
11,miles_le_100,1465,16041639,9.132483283036104e-05
11,not_aar,0,16041639,0.0
11,pu_zone_le_263,820,16041639,5.111697127706215e-05
11,time_gt_60s,1588,16041639,9.899237852192035e-05
11,time_le_21600s,83,16041639,5.174034897556291e-06
12,do_zone_ne_264,0,16054495,0.0
12,driver_pay_gt_0,58378,16054495,0.003636240193167
12,fare_gt_0,34665,16054495,0.002159208371238
12,fare_le_1000,9,16054495,5.60590663237928e-07
12,in_month,0,16054495,0.0
12,miles_gt_0,3436,16054495,0.0002140210576539
12,miles_le_100,1426,16054495,8.882247619747616e-05
12,not_aar,0,16054495,0.0
12,pu_zone_le_263,883,16054495,5.500017284878783e-05
12,time_gt_60s,1521,16054495,9.473982208720985e-05
12,time_le_21600s,64,16054495,3.9864224941363775e-06
