month,rows_v1,rows_v2,n_join,n_unmatched,sum_n_trips_v1,sum_n_trips_v2,sum_driver_share_v1,sum_driver_share_v2,d_n_trips,d_sum_driver_share,d_sum_fare,d_sum_driver_pay,d_sum_trip_miles,d_sum_trip_time,n_other_neq,n_nonfinite_logs_v2,dup_keys_v2,identical
01,7657591,7657591,7657591,0,11802629,11802629,9771089.637890086,9771089.637889935,0.0,1.1368683772161603e-13,5.684341886080801e-13,4.547473508864641e-13,2.2737367544323206e-13,0.0,0,0,0,True
02,7344748,7344748,7344748,0,11487978,11487978,9858120.840191687,9858120.840191653,0.0,1.1368683772161603e-13,4.547473508864641e-13,9.094947017729282e-13,2.2737367544323206e-13,0.0,0,0,0,True
03,8917138,8917138,8917138,0,14084025,14084025,11996564.452016208,11996564.452016212,0.0,5.684341886080802e-14,1.3642420526593924e-12,9.094947017729282e-13,2.2737367544323206e-13,0.0,0,0,0,True
04,8790327,8790327,8790327,0,13964166,13964166,11417378.566691224,11417378.566691149,0.0,1.1368683772161603e-13,1.3642420526593924e-12,9.094947017729282e-13,6.821210263296962e-13,0.0,0,0,0,True
05,9172969,9172969,9172969,0,14572569,14572569,12243474.394172719,12243474.394172445,0.0,5.684341886080802e-14,1.8189894035458565e-12,9.094947017729282e-13,3.410605131648481e-13,0.0,0,0,0,True
06,9272075,9272075,9272075,0,14802460,14802460,12486894.148839261,12486894.148839042,0.0,1.1368683772161603e-13,2.7284841053187847e-12,9.094947017729282e-13,4.547473508864641e-13,0.0,0,0,0,True
07,9348782,9348782,9348782,0,14882780,14882780,12287806.861018961,12287806.861018792,0.0,7.105427357601002e-14,1.8189894035458565e-12,1.8189894035458565e-12,6.821210263296962e-13,0.0,0,0,0,True
08,9148894,9148894,9148894,0,14364514,14364514,11970862.5044755,11970862.504475534,0.0,1.1368683772161603e-13,1.8189894035458565e-12,1.3642420526593924e-12,4.547473508864641e-13,0.0,0,0,0,True
09,9174328,9174328,9174328,0,14747839,14747839,12742645.339966511,12742645.339966858,0.0,2.2737367544323206e-13,5.4569682106375694e-12,1.3642420526593924e-12,9.094947017729282e-13,0.0,0,0,0,True
10,9800014,9800014,9800014,0,16436978,16436978,14537806.139656518,14537806.139656544,0.0,1.1368683772161603e-13,2.7284841053187847e-12,4.547473508864641e-12,9.094947017729282e-13,0.0,0,0,0,True
11,9390512,9390512,9390512,0,15940790,15940790,13388630.619382322,13388630.619382579,0.0,3.552713678800501e-14,3.637978807091713e-12,1.8189894035458565e-12,1.3642420526593924e-12,0.0,0,0,0,True
12,9439639,9439639,9439639,0,15956380,15956380,13136343.158400392,13136343.158400323,0.0,1.1368683772161603e-13,3.637978807091713e-12,3.637978807091713e-12,9.094947017729282e-13,0.0,0,0,0,True
