variable,N,n_missing,mean,sd,min,p1,p25,median,p75,p99,max
n_trips,601344,0,24.292167212111536,40.357779166689504,0.0,0.0,0.0,7.0,32.0,185.0,928.0
revenue_passenger,601344,0,556.7954549309549,1097.2722866864108,0.0,0.0,0.0,147.29,669.65,4867.015499999992,35536.83
revenue_driver,601344,0,467.0422003379099,939.0759359802295,0.0,0.0,0.0,120.55,549.47,4207.004799999916,28483.48
revenue_driver_ex_tips,601344,0,444.5438065566465,889.0201505878401,0.0,0.0,0.0,115.485,524.02,3985.1267999999363,26703.93
platform_margin,601344,0,112.2516483743082,241.20608930084916,-969.94,-4.1499999999999995,0.0,24.894999999999996,128.69,1005.9681999999867,11486.17
passthrough_total,601344,0,114.2358694025383,251.39430008266532,0.0,0.0,0.0,25.439999999999998,122.71,1151.925599999996,8320.3
passenger_outlay,601344,0,693.5297181147565,1391.5109795531985,0.0,0.0,0.0,179.125,822.1624999999999,6193.076499999977,45305.35
tips_total,601344,0,22.4983937812633,55.84404718400401,0.0,0.0,0.0,2.0,20.83,245.01,2488.3
fare_per_trip,601344,201307,22.280879771556922,8.69389277299909,2.25,8.93,17.197777777777777,20.362424242424243,25.012461538461537,54.875333333333444,234.10000000000002
fare_per_mile,601344,201307,4.837493595543596,3.1263211922980445,0.1921598770176787,2.4788052092800026,3.7084449088890348,4.416889789420363,5.429617133217053,11.480978549514067,1156.6666666666667
fare_per_minute,601344,201307,1.2720202535738394,0.35161990059503645,0.06358626536668079,0.7891396718694977,1.0737790013101378,1.198273381294964,1.3789346012031825,2.5161065091299597,39.47821782178219
outlay_per_trip,601344,201307,27.42404724654609,11.268097792287698,3.16,10.55,20.54733333333333,25.05315789473684,31.27111111111111,68.9682445440957,268.15000000000003
pay_per_trip,601344,201307,17.358988259917734,6.517076009265945,0.6,5.83,13.535,16.077777777777776,19.73292817679558,40.621651612903264,171.44500000000002
pay_per_mile,601344,201307,3.706881742010247,1.961111195837835,1.259351620947631,2.056348123855843,2.9547616671656187,3.4891045806798124,4.170741646291768,7.549793310149203,765.8333333333334
driver_share,601344,201307,0.7892343152003487,0.14436911634803695,0.02289202594429607,0.4586933290329517,0.7263145664586377,0.8015791156539767,0.8570275257573428,1.1059812724541913,10.895999999999999
driver_share_incl_tips,601344,201307,0.8253721777722588,0.14967940586612846,0.02289202594429607,0.47666382041041183,0.7588128045332978,0.8377127990845306,0.8944372265280827,1.1674417548207083,10.895999999999999
mean_wait_time,601344,201307,419.44237952590515,223.57357946518943,-1712.0,147.79777777777778,300.1111111111111,376.37735849056605,474.8,1208.0,51932.0
mean_trip_miles,601344,201307,5.086347064614183,2.6133224853142165,0.05,1.27109,3.6166721311475407,4.4765,5.7828,15.43,46.55
mean_trip_time,601344,201307,1071.090873578044,372.03329904080226,61.0,395.0,861.695652173913,1016.8,1208.0,2425.0,12861.0
mean_speed_mph,601344,201307,17.142636424803676,5.68928339317914,0.0605890603085554,7.506062578222778,13.033713312874308,16.21079816980173,20.327804356541495,34.08576031718842,75.57647058823528
share_shared_request,601344,201307,0.04443344501265557,0.20169488925898107,0.0,0.0,0.0,0.0,0.0,1.0,1.0
share_shared_match,601344,201307,0.0003581800144811578,0.009004792662030497,0.0,0.0,0.0,0.0,0.0,0.0,1.0
share_margin_negative,601344,201307,0.14481032859096743,0.16140163231703375,0.0,0.0,0.0,0.1111111111111111,0.2222222222222222,0.8145047372954469,1.0
