variable,value,n,share
platform,Uber,10218034,0.6994845066887898
platform,Lyft,4355217,0.29814021119597284
platform,Via,34698,0.002375282115237396
shared_request_flag,N,14583256,0.9983096189615668
shared_request_flag,Y,24693,0.001690381038433253
shared_match_flag,N,14604696,0.999777313023204
shared_match_flag,Y,3253,0.00022268697679598962
access_a_ride_flag,(blank),10218034,0.6994845066887898
access_a_ride_flag,N,4389915,0.3005154933112102
wav_match_flag,N,13829346,0.9467000466663732
wav_match_flag,Y,778603,0.05329995333362678
dispatching_base_num,B02510,4352434,0.2979496984826549
dispatching_base_num,B02764,1396190,0.09557741473495013
dispatching_base_num,B02872,1071563,0.07335478786241655
dispatching_base_num,B02875,923947,0.0632496047186364
dispatching_base_num,B02765,641978,0.04394716876407496
dispatching_base_num,B02866,506933,0.034702544484513195
dispatching_base_num,B02869,493739,0.033799337607216456
dispatching_base_num,B02682,379984,0.026012139007330872
dispatching_base_num,B02887,370501,0.025362971899751292
dispatching_base_num,B02871,348575,0.023862008280560124
dispatching_base_num,B02864,334881,0.022924573463393116
dispatching_base_num,B02878,332324,0.022749531778896544
dispatching_base_num,B02617,305935,0.020943049568423328
dispatching_base_num,B02884,298111,0.02040745076533331
dispatching_base_num,B02883,283380,0.01939902720087536
dispatching_base_num,B02882,274070,0.018761702960490893
dispatching_base_num,B02876,255843,0.017513957640459998
dispatching_base_num,B02877,239545,0.016398263712448614
dispatching_base_num,B02879,237348,0.01624786614465864
dispatching_base_num,B02835,233501,0.015984516375296763
dispatching_base_num,B02888,229931,0.015740128884623023
dispatching_base_num,B02867,213406,0.014608895471910533
dispatching_base_num,B02889,174118,0.01191940086866404
dispatching_base_num,B02836,153213,0.010488330702687967
dispatching_base_num,B02880,148347,0.010155224391870481
dispatching_base_num,B02395,130934,0.008963202157948389
dispatching_base_num,B02870,113534,0.007772069850462923
dispatching_base_num,B02865,91997,0.006297735568490826
dispatching_base_num,B02800,34695,0.002375076747598174
dispatching_base_num,B02512,34206,0.002341601822405048
dispatching_base_num,B02844,2783,0.00019051271331793396
dispatching_base_num,B03136,3,2.05367639221632e-07
