variable,pass,N,n_missing,mean,sd,min,p1,p25,median,p75,p99,max
trip_miles,pre-filter,15322835,0,5.009041227227204,5.741882187327341,0.0,0.508,1.66,3.078,6.22,25.31,475.58
trip_time,pre-filter,15322835,0,1142.5213166493015,823.94392396363,0.0,200.0,590.0,927.0,1448.0,4077.0,76712.0
base_passenger_fare,pre-filter,15322835,0,24.22908479142399,19.52927516543992,-121.48,7.12,12.11,19.2,29.73,96.79,2176.52
tolls,pre-filter,15322835,0,1.0271304520344946,3.6037764655391697,0.0,0.0,0.0,0.0,0.0,20.34,104.35
bcf,pre-filter,15322835,0,0.7521587885009534,0.6529462756481272,0.0,0.0,0.35,0.57,0.92,3.23,66.37
sales_tax,pre-filter,15322835,0,2.0662566228769044,1.6566188050395643,0.0,0.0,1.02,1.64,2.6,8.01,196.35
congestion_surcharge,pre-filter,15322835,0,1.0757816520245764,1.3413413612126373,0.0,0.0,0.0,0.0,2.75,2.75,11.0
airport_fee,pre-filter,15322835,0,0.16221422993851986,0.6221839765120507,0.0,0.0,0.0,0.0,0.0,2.5,10.0
tips,pre-filter,15322835,0,0.9943425586714205,3.0709640805140594,0.0,0.0,0.0,0.0,0.0,13.88,300.0
driver_pay,pre-filter,15322835,0,19.21937922714695,14.936870414863876,-51.19,5.39,9.63,15.28,24.15,72.15,1571.08
trip_miles,post-filter,14607949,0,4.548709691278359,4.372279419043004,0.002,0.51,1.63,2.951,5.83,20.07,99.78
trip_time,post-filter,14607949,0,1099.9375046421644,749.8783850848357,61.0,199.0,581.0,907.0,1403.0,3747.0,21460.0
base_passenger_fare,post-filter,14607949,0,22.920781421813583,15.847210832792621,0.01,7.12,11.9,18.77,28.72,79.93,800.52
tolls,post-filter,14607949,0,0.6833175752461887,2.4699495914484504,0.0,0.0,0.0,0.0,0.0,6.55,92.9
bcf,post-filter,14607949,0,0.7043199849616136,0.5233191410572989,0.0,0.0,0.35,0.56,0.88,2.63,24.02
sales_tax,post-filter,14607949,0,2.0461525221644723,1.4846902964984086,0.0,0.0,1.03,1.65,2.58,7.31,71.05
congestion_surcharge,post-filter,14607949,0,1.110409938452003,1.3500628006152298,0.0,0.0,0.0,0.0,2.75,2.75,11.0
airport_fee,post-filter,14607949,0,0.15838037906621935,0.615545695967122,0.0,0.0,0.0,0.0,0.0,2.5,10.0
tips,post-filter,14607949,0,0.9261583614510143,2.7111877553467227,0.0,0.0,0.0,0.0,0.0,12.28,200.0
driver_pay,post-filter,14607949,0,18.299882537240507,12.243301275955936,0.03,5.4,9.57,14.98,23.36,60.56,479.55
wait_time,post-filter,14607949,0,378.98523523048993,265.4415830048743,-4006.0,-455.0,231.0,338.0,483.0,1254.0,51932.0
speed_mph,post-filter,14607949,0,13.827949555490893,6.713578013840302,0.0072260136491368926,4.476683937823834,9.2,11.96883116883117,16.695652173913043,35.633443450157834,89.51086956521739
fare_per_mile,post-filter,14607949,0,7.16914635215435,16.549477753435244,0.000972762645914397,2.358621531018707,4.321256038647343,5.8733624454148465,8.17490494296578,25.181818181818183,42082.0
fare_per_minute,post-filter,14607949,0,1.376092493883942,0.663384583188099,0.0002287457110179184,0.604384499782586,0.9981609195402299,1.2038216560509556,1.536898395721925,3.835377491961408,121.8472440944882
driver_pay_total,post-filter,14607949,0,19.226040898691497,13.192699311270967,0.03,5.4,9.99,15.61,24.45,65.5,568.77
passthrough_total,post-filter,14607949,0,4.702580399890505,4.461368463250439,0.0,0.83,1.68,3.71,5.74,21.509999999999998,121.95000000000002
passenger_outlay,post-filter,14607949,0,28.549520183155064,20.50762903631652,0.01,7.99,14.71,22.82,35.71,103.51,898.3399999999999
platform_margin,post-filter,14607949,0,4.620898884573053,7.202520839613848,-435.05,-9.96,1.1500000000000004,3.6499999999999995,6.949999999999999,29.800000000000004,481.37
driver_share,post-filter,14607949,0,0.848768679363573,3.643674414043104,0.00022529288074496845,0.4199071515016359,0.6803482587064678,0.7862407862407862,0.928688524590164,1.7074780058651025,3166.0
driver_share_incl_tips,post-filter,14607949,0,0.8884569646011576,3.759806307192108,0.00022529288074496845,0.430387705121402,0.6953223767383059,0.8204010462074978,0.9825907347300088,1.8090491594867513,3176.0
