variable,source,type,units,definition,notes
platform,constructed,string,n/a,"hvfhs_license_num mapped to firm name (HV0002=Juno, HV0003=Uber, HV0004=Via, HV0005=Lyft). Juno has zero trips in this window.",
dispatching_base_num,raw TLC,string,TLC base license code,The TLC Base License Number of the base that dispatched the trip,
request_datetime,raw TLC,timestamp[us],"datetime (local, naive in source)",date/time when passenger requested to be picked up,
pickup_datetime,raw TLC,timestamp[us],"datetime (local, naive in source)",The date and time of the trip pick-up,
dropoff_datetime,raw TLC,timestamp[us],"datetime (local, naive in source)",The date and time of the trip drop-off,
pu_zone_id,constructed,int32,"TLC taxi zone ID, 1-263",PULocationID cast to int32.,
do_zone_id,constructed,int32,"TLC taxi zone ID, 1-263",DOLocationID cast to int32.,
datetime_hour,constructed,"timestamp[us, tz=America/New_York]","local datetime, hourly","pickup_datetime floored to the hour, tz-localized America/New_York (source timestamps are naive local wall clock; this is a tz label, not a UTC conversion).",
date,constructed,date32[day],date,Local calendar date of pickup_datetime.,
window,constructed,string,categorical,"pre/during/post/buffer label from clean_data/ida_event_windows.json, derived from observed ASOS rainfall, not hardcoded.",
trip_miles,raw TLC,double,miles,total miles for passenger trip,
trip_time,raw TLC,int64,seconds,total time in seconds for passenger trip,
wait_time,constructed,double,seconds,"pickup_datetime minus request_datetime, in seconds. NOT on_scene_datetime, which is populated for wheelchair-accessible (WAV) trips only.",
speed_mph,constructed,double,miles per hour,trip_miles / (trip_time / 3600).,
base_passenger_fare,raw TLC,double,$,"base passenger fare before tolls, tips, taxes, and fees",
fare_per_mile,constructed,double,$ per mile,base_passenger_fare / trip_miles. Headline price measure -- removes most trip-composition drift that a raw mean fare would confound with the storm's effect on trip length.,
fare_per_minute,constructed,double,$ per minute,base_passenger_fare / (trip_time / 60).,
tolls,raw TLC,double,$,total amount of all tolls paid in trip,
bcf,raw TLC,double,$,total amount collected in trip for Black Car Fund,
sales_tax,raw TLC,double,$,total amount collected in trip for NYS sales tax,
congestion_surcharge,raw TLC,double,$,total amount collected in trip for NYS congestion surcharge,
airport_fee,raw TLC,double,$,"$2.50 for both drop off and pick up at LaGuardia, Newark, and John F. Kennedy airports",
tips,raw TLC,double,$,total amount of tips received from passenger,
driver_pay,raw TLC,double,$,"total driver pay (not including tolls or tips and net of commission, surcharges, or taxes)",
driver_pay_total,constructed,double,$,driver_pay + tips. Driver take-home pay.,
passthrough_total,constructed,double,$,tolls + bcf + airport_fee + congestion_surcharge + sales_tax. Collected by the firm and remitted to NYS/the Black Car Fund/the toll authority/the airport operator -- net zero to the firm. Never subtracted from platform_margin (see notes).,
passenger_outlay,constructed,double,$,"base_passenger_fare + passthrough_total + tips -- what the rider actually paid, understated by base_passenger_fare alone by about a quarter on average.",
platform_margin,constructed,double,$,"base_passenger_fare - driver_pay. Firm per-trip gross take, NOT accounting profit (no insurance, incentives, marketing, overhead costs are netted out). The surcharge-deduction formula originally specified was retired: surcharges sit ON TOP of base_passenger_fare and are remitted, so subtracting them double-counts ~$5.29/trip and drives measured margin to ~0 on half of all trips (see docs/data_introduction.md).",
driver_share,constructed,double,ratio,"driver_pay / base_passenger_fare. Headline, ex-tips.",
driver_share_incl_tips,constructed,double,ratio,driver_pay_total / base_passenger_fare. Can exceed the ex-tips version since tips are in the numerator but not the denominator.,
shared_request_flag,raw TLC,string,Y/N,"Did the passenger agree to a shared/pooled ride, regardless of whether they were matched?",
shared_match_flag,raw TLC,string,Y/N,Did the passenger share the vehicle with another passenger who booked separately at any point during the trip?,
access_a_ride_flag,raw TLC,string,Y/N/blank,Was the trip administered on behalf of the Metropolitan Transportation Authority (MTA)?,
wav_match_flag,raw TLC,string,Y/N,Did the trip occur in a wheelchair-accessible vehicle (WAV)?,
